Day Mins,CustServ Calls,Churn,Day Charge,Eve Charge,VMail Message_other,Int'l Plan_1
265.1,1,0,45.07,16.78,1,0
161.6,1,0,27.47,16.62,1,0
243.4,0,0,41.38,10.3,0,0
299.4,2,0,50.9,5.26,0,1
166.7,3,0,28.34,12.61,0,1
223.4,0,0,37.98,18.75,0,1
218.2,3,0,37.09,29.62,1,0
157.0,0,0,26.69,8.76,0,1
184.5,1,0,31.37,29.89,0,0
258.6,0,0,43.96,18.87,1,1
129.1,4,1,21.95,19.42,0,0
187.7,0,0,31.91,13.89,0,0
128.8,1,0,21.9,8.92,0,0
156.6,3,0,26.62,21.05,0,0
120.7,4,0,20.52,26.11,0,0
332.9,4,1,56.59,27.01,0,0
196.4,1,0,33.39,23.88,1,0
190.7,3,0,32.42,18.55,0,0
189.7,1,0,32.25,18.09,1,0
224.4,1,0,38.15,13.56,0,0
155.1,0,0,26.37,20.37,0,0
62.4,5,1,10.61,14.44,0,0
183.0,0,0,31.11,6.2,0,0
110.4,2,0,18.77,11.67,0,0
81.1,0,0,13.79,20.84,0,0
124.3,3,0,21.13,23.55,0,0
213.0,0,0,36.21,16.24,1,0
134.3,3,0,22.83,13.22,0,0
190.0,0,0,32.3,21.95,0,0
119.3,1,0,20.28,18.28,0,0
84.8,2,0,14.42,11.62,0,0
226.1,1,0,38.44,17.13,0,0
212.0,3,0,36.04,2.65,0,0
249.6,1,1,42.43,21.45,0,0
176.8,0,0,30.06,16.58,1,0
220.0,3,0,37.4,18.47,1,0
146.3,0,0,24.87,13.81,1,0
130.8,1,0,22.24,19.01,0,0
203.9,3,0,34.66,15.95,1,1
140.4,1,0,23.87,23.1,0,0
126.3,3,0,21.47,14.18,0,0
173.1,0,1,29.43,17.33,1,1
124.8,2,0,21.22,23.99,0,0
85.8,3,0,14.59,14.05,0,0
154.0,1,0,26.18,19.19,0,0
120.9,2,0,20.55,18.11,1,0
211.3,3,0,35.92,13.82,0,0
187.0,2,0,31.79,11.44,0,0
159.1,5,1,27.05,19.66,0,0
133.2,1,0,22.64,18.46,1,0
191.9,3,0,32.62,22.93,0,0
220.6,1,0,37.5,17.94,0,0
186.1,2,0,31.64,16.17,0,0
160.2,2,0,27.23,22.74,0,0
151.0,5,1,25.67,18.67,0,0
175.5,1,0,29.84,21.19,0,0
126.9,1,0,21.57,15.3,0,0
198.4,3,1,33.73,6.4,1,0
148.8,3,0,25.3,20.95,0,0
229.3,1,0,38.98,15.08,0,0
192.1,1,0,32.66,14.44,0,0
268.6,2,0,45.66,15.15,1,0
193.7,2,0,32.93,20.92,1,0
180.7,3,0,30.72,15.96,1,0
131.2,2,0,22.3,13.85,0,0
148.1,2,0,25.18,14.41,1,0
251.5,0,0,42.76,18.09,0,1
125.2,0,0,21.28,17.54,0,1
211.6,1,0,35.97,18.44,0,0
178.9,4,1,30.41,14.37,0,0
241.8,3,0,41.11,14.49,0,0
224.9,0,0,38.23,16.0,1,0
248.6,3,0,42.26,12.66,0,0
203.4,1,0,34.58,19.27,0,0
235.8,0,0,40.09,13.36,0,0
157.1,1,0,26.71,18.98,0,0
300.3,0,1,51.05,15.39,0,0
61.6,4,1,10.47,6.55,0,0
214.1,2,0,36.4,13.97,0,0
170.2,1,0,28.93,13.19,0,0
201.1,1,0,34.19,25.8,0,0
215.4,3,0,36.62,17.41,0,1
165.6,3,0,28.15,11.57,1,0
249.5,1,0,42.42,22.07,1,0
210.6,2,1,35.8,21.18,0,0
179.3,0,0,30.48,19.2,1,0
157.9,4,1,26.84,13.18,0,0
214.3,1,0,36.43,17.72,0,0
154.1,2,0,26.2,10.49,1,0
237.9,1,1,40.44,21.05,0,0
143.9,1,0,24.46,16.57,0,0
203.4,0,1,34.58,16.23,0,0
124.3,1,0,21.13,14.71,0,0
252.9,3,0,42.99,15.16,0,0
179.1,3,0,30.45,16.2,0,0
278.4,1,0,47.33,6.89,0,0
160.1,0,0,27.22,18.13,0,0
198.2,4,0,33.69,17.62,0,0
212.1,1,1,36.06,17.8,0,0
251.8,2,1,42.81,17.48,0,0
161.2,4,0,27.4,21.44,1,0
178.3,0,0,30.31,16.07,0,0
151.7,0,0,25.79,10.12,0,0
135.0,1,0,22.95,15.61,0,0
170.5,1,0,28.99,14.76,0,0
238.1,4,0,40.48,15.91,0,0
281.4,2,0,47.84,17.19,1,0
117.9,1,0,20.04,13.98,1,0
148.6,1,0,25.26,11.14,1,0
229.8,3,0,39.07,12.57,0,0
165.0,1,0,28.05,26.96,0,0
185.0,2,0,31.45,18.98,0,0
161.0,4,0,27.37,16.23,0,0
126.7,1,0,21.54,17.51,0,0
58.9,1,0,10.01,14.42,0,0
196.8,0,1,33.46,21.67,1,1
162.6,1,0,27.64,12.95,0,0
282.5,1,1,48.03,18.69,0,0
113.7,2,0,19.33,13.39,1,0
239.8,2,0,40.77,18.26,0,0
210.2,1,0,35.73,19.32,0,0
213.8,0,0,36.35,12.05,1,0
190.7,3,0,32.42,15.6,0,0
170.9,1,0,29.05,11.25,0,0
154.2,2,0,26.21,9.37,0,0
201.4,1,0,34.24,19.5,0,0
70.7,4,1,12.02,13.39,0,0
187.5,4,1,31.88,12.46,1,0
91.7,2,0,15.59,16.46,0,0
214.2,3,0,36.41,13.74,1,0
145.5,3,0,24.74,18.5,0,0
166.3,1,0,28.27,13.45,0,0
231.0,1,0,39.27,19.58,0,0
200.3,4,0,34.05,17.1,0,0
197.0,1,0,33.49,17.22,0,0
129.9,3,0,22.08,14.73,0,1
175.8,5,0,29.89,18.49,1,0
203.1,3,0,34.53,17.86,0,0
183.2,1,0,31.14,10.78,1,0
205.0,2,0,34.85,12.92,1,0
148.5,1,0,25.25,23.49,0,0
200.3,0,0,34.05,18.73,1,0
192.6,3,0,32.74,16.62,1,0
246.5,1,0,41.91,16.62,0,0
167.1,2,1,28.41,15.09,0,1
231.9,3,0,39.42,13.61,0,0
146.7,1,0,24.94,17.3,0,0
271.5,1,0,46.16,18.39,0,1
181.5,1,0,30.86,18.56,0,0
257.7,2,0,43.81,13.78,1,0
193.8,1,0,32.95,18.82,0,0
102.8,1,0,17.48,17.57,0,0
187.9,1,0,31.94,13.4,0,0
226.0,1,0,38.42,21.12,0,0
260.4,5,0,44.27,12.41,0,0
178.7,0,0,30.38,24.83,0,0
337.4,0,1,57.36,19.33,0,0
157.6,0,0,26.79,21.0,1,0
183.6,1,0,31.21,21.82,0,0
142.1,1,0,24.16,15.59,1,0
136.3,0,0,23.17,14.64,0,0
217.1,0,0,36.91,20.53,0,0
187.5,3,0,31.88,20.52,1,0
98.9,1,0,16.81,11.51,0,0
206.3,1,0,35.07,12.63,0,0
243.1,2,0,41.33,18.17,1,0
189.8,1,0,32.27,13.88,1,0
202.0,1,0,34.34,20.67,0,0
170.1,1,0,28.92,16.43,1,0
230.9,0,0,39.25,15.93,0,0
237.1,1,0,40.31,19.0,0,0
182.1,2,0,30.96,14.42,1,0
119.3,3,0,20.28,17.98,0,0
116.8,1,0,19.86,15.21,0,0
219.2,0,0,37.26,12.7,0,0
252.6,2,0,42.94,14.37,0,0
147.1,0,0,25.01,16.18,0,0
202.1,2,0,34.36,19.5,0,0
173.5,3,0,29.5,16.5,0,0
232.1,3,0,39.46,24.85,0,0
197.1,4,0,33.51,18.23,1,1
58.2,5,1,9.89,11.79,0,0
115.6,2,0,19.65,20.2,1,0
186.1,2,0,31.64,21.62,0,0
259.9,3,0,44.18,20.83,0,1
214.3,1,0,36.43,22.82,0,0
158.7,1,0,26.98,5.47,0,0
271.6,2,0,46.17,19.5,0,0
160.6,1,0,27.3,13.87,0,0
232.4,1,0,39.51,15.93,0,0
133.8,0,0,22.75,15.34,0,0
176.9,1,0,30.07,7.71,0,0
209.9,2,0,35.68,16.58,0,0
137.5,0,0,23.38,17.27,0,0
289.5,1,0,49.22,14.16,1,0
198.1,1,0,33.68,15.05,1,0
149.7,0,0,25.45,15.49,0,0
326.5,2,1,55.51,14.99,0,0
292.9,4,1,49.79,16.97,1,1
83.0,0,0,14.11,15.05,0,0
145.7,3,0,24.77,18.74,1,0
182.3,2,0,30.99,27.9,0,0
218.0,3,0,37.06,15.64,0,0
140.6,2,0,23.9,15.18,0,0
152.7,1,0,25.96,21.89,0,0
106.7,1,0,18.14,17.83,1,0
243.8,2,0,41.45,7.13,0,0
194.4,3,0,33.05,15.87,0,0
213.9,3,0,36.36,12.91,0,0
217.2,3,0,36.92,20.97,0,0
241.1,1,0,40.99,13.23,0,0
203.5,0,0,34.6,21.05,0,1
155.2,1,0,26.38,20.78,1,0
167.6,1,0,28.49,9.61,1,0
226.7,2,1,38.54,19.39,0,1
179.3,3,0,30.48,15.18,0,0
151.4,0,0,25.74,15.84,0,0
180.0,3,0,30.6,19.06,0,0
250.2,1,1,42.53,22.7,0,0
223.0,0,0,37.91,9.36,0,0
183.6,3,0,31.21,12.97,0,0
166.0,1,0,28.22,14.83,1,0
136.1,1,0,23.14,23.2,0,0
149.3,2,0,25.38,20.59,0,0
65.4,2,0,11.12,14.3,0,0
213.4,1,0,36.28,19.93,0,0
206.9,3,0,35.17,20.8,0,0
186.2,2,0,31.65,16.12,1,0
280.2,4,0,47.63,18.74,1,0
196.6,0,0,33.42,26.62,1,0
312.0,0,1,53.04,11.0,0,1
199.0,1,0,33.83,24.76,1,1
203.1,3,0,34.53,18.45,0,0
168.8,0,0,28.7,18.73,0,0
173.1,1,0,29.43,20.43,0,1
134.4,5,1,22.85,17.96,0,0
202.6,2,0,34.44,10.1,1,0
74.5,3,0,12.67,17.07,0,0
83.6,0,0,14.21,10.28,0,0
192.2,1,0,32.67,14.33,0,0
220.2,0,0,37.43,7.51,0,0
135.1,2,1,22.97,11.4,0,1
253.4,1,0,43.08,15.5,0,0
225.0,3,0,38.25,15.04,0,0
198.5,0,1,33.75,22.76,0,0
110.3,0,0,18.75,14.15,0,0
60.0,0,0,10.2,8.69,1,0
214.8,0,0,36.52,12.72,0,0
181.8,4,0,30.91,17.2,0,0
154.0,2,0,26.18,23.63,1,0
157.4,4,1,26.76,10.02,1,0
207.9,4,0,35.34,14.62,0,0
207.0,3,0,35.19,19.8,0,0
119.0,0,0,20.23,19.55,1,0
143.7,0,0,24.43,23.21,0,1
165.9,4,0,28.2,18.4,1,0
138.6,1,0,23.56,14.65,0,0
84.7,1,0,14.4,21.24,0,0
62.6,1,1,10.64,15.35,0,1
155.2,1,0,26.38,20.0,0,0
164.9,1,0,28.03,17.79,1,0
134.5,1,0,22.87,12.16,0,0
143.3,1,0,24.36,17.96,0,0
168.3,1,0,28.61,18.8,0,0
262.4,2,0,44.61,16.54,0,0
206.2,1,0,35.05,22.1,1,0
225.8,4,0,38.39,16.41,1,0
138.3,3,0,23.51,14.49,0,0
94.4,0,0,16.05,11.58,1,0
160.0,2,0,27.2,14.91,0,1
206.6,0,0,35.12,19.12,0,0
134.7,1,0,22.9,15.3,0,0
214.4,3,0,36.45,19.99,1,0
192.8,3,0,32.78,19.92,0,0
151.1,1,0,25.69,16.56,1,0
221.4,3,0,37.64,19.7,0,0
218.9,0,0,37.21,17.68,0,1
189.8,2,1,32.27,10.49,1,0
192.7,2,0,32.76,19.2,1,0
204.4,3,0,34.75,18.62,0,1
172.3,2,0,29.29,14.79,0,0
198.4,2,0,33.73,17.93,0,0
211.7,1,0,35.99,13.59,1,0
221.6,1,0,37.67,24.51,1,0
197.9,3,0,33.64,15.43,0,0
147.5,2,0,25.08,14.93,1,0
206.4,2,0,35.09,10.88,0,0
205.9,2,0,35.0,17.79,0,0
207.6,0,0,35.29,11.25,0,0
303.9,1,1,51.66,22.18,0,0
230.6,0,0,39.2,18.65,1,0
99.5,0,0,16.92,10.97,0,0
177.1,1,0,30.11,16.49,0,0
172.7,5,1,29.36,10.21,1,0
172.7,1,0,29.36,11.34,1,0
204.2,1,0,34.71,15.29,0,0
85.7,2,0,14.57,21.05,0,0
157.6,0,0,26.79,15.67,0,0
215.5,4,0,36.64,18.59,0,0
181.5,1,0,30.86,16.99,0,0
171.7,2,0,29.19,9.38,0,0
266.6,1,1,45.32,22.51,0,0
170.4,0,1,28.97,29.79,0,0
158.0,1,0,26.86,24.86,0,0
92.0,1,0,15.64,21.56,0,0
234.0,2,0,39.78,21.21,0,0
272.1,1,1,46.26,22.82,0,0
296.4,4,1,50.39,18.26,0,0
194.4,0,0,33.05,16.18,0,0
227.2,3,0,38.62,21.96,0,0
248.7,1,1,42.28,18.7,0,0
236.3,1,0,40.17,16.65,1,0
205.6,0,0,34.95,14.41,0,0
94.1,0,0,16.0,23.83,0,0
125.2,0,0,21.28,17.46,0,0
60.4,1,0,10.27,26.03,0,0
121.0,2,0,20.57,22.98,1,0
117.8,3,0,20.03,21.83,1,0
232.4,3,0,39.51,18.01,1,0
223.5,2,1,38.0,16.05,1,1
176.3,0,0,29.97,22.03,0,0
125.2,1,0,21.28,15.11,1,0
138.7,0,0,23.58,21.84,0,0
86.3,1,0,14.67,20.96,0,0
207.0,3,0,35.19,13.17,0,0
58.8,0,0,10.0,18.66,1,0
68.7,1,0,11.68,17.78,1,0
239.2,1,0,40.66,20.02,1,0
198.3,0,0,33.71,18.45,0,0
205.2,0,0,34.88,20.45,0,0
192.1,3,0,32.66,26.6,0,0
272.6,1,1,46.34,21.14,0,0
128.3,7,1,21.81,16.75,0,0
169.6,0,0,28.83,22.45,0,0
201.3,1,0,34.22,12.99,0,0
214.7,1,0,36.5,11.77,1,0
169.2,0,0,28.76,23.08,0,0
194.1,2,0,33.0,15.01,0,0
233.8,2,0,39.75,22.65,0,0
225.1,0,0,38.27,16.93,0,0
213.0,1,1,36.21,15.01,0,0
183.9,1,0,31.26,21.75,0,0
221.8,0,0,37.71,13.74,1,0
64.6,2,0,10.98,14.97,1,0
154.6,1,0,26.28,7.09,1,0
260.2,3,0,44.23,15.23,0,0
161.6,1,0,27.47,10.46,1,0
220.6,1,0,37.5,13.19,0,0
155.9,3,0,26.5,13.8,1,0
107.0,4,1,18.19,8.98,0,0
182.5,4,0,31.03,17.4,0,0
220.1,4,0,37.42,19.92,1,1
152.2,1,0,25.87,15.06,0,0
181.5,2,0,30.86,17.43,0,0
236.2,2,1,40.15,18.58,0,1
166.1,1,0,28.24,6.74,0,0
244.6,1,0,41.58,16.05,0,1
134.2,2,0,22.81,19.32,1,0
149.7,1,0,25.45,17.94,1,1
150.1,1,0,25.52,22.5,1,0
257.1,1,1,43.71,26.54,0,1
124.4,0,0,21.15,15.27,0,0
141.7,1,0,24.09,19.75,1,0
230.0,2,0,39.1,8.77,0,0
162.3,0,0,27.59,18.16,0,0
350.8,1,1,59.64,18.4,0,0
193.3,4,0,32.86,22.45,0,0
78.2,1,0,13.29,21.54,0,0
83.4,1,0,14.18,19.74,0,0
195.6,0,0,33.25,22.76,0,0
201.8,1,0,34.31,19.13,0,0
197.0,2,0,33.49,18.94,0,0
218.0,0,1,37.06,9.72,0,1
164.8,2,0,28.02,19.54,0,0
179.2,2,0,30.46,17.91,0,0
214.0,0,0,36.38,15.3,1,0
170.5,2,0,28.99,10.05,0,0
205.7,1,0,34.97,18.23,0,0
165.5,1,1,28.14,24.33,0,1
221.0,2,0,37.57,13.66,0,0
242.1,3,0,41.16,16.24,0,0
151.6,1,0,25.77,13.21,0,0
176.2,0,0,29.95,12.33,0,1
196.0,1,0,33.32,27.43,1,1
159.5,2,0,27.12,21.0,0,0
230.2,4,0,39.13,18.73,0,0
146.7,3,0,24.94,23.29,0,0
210.5,1,0,35.79,17.38,0,0
102.0,1,0,17.34,22.97,0,0
126.0,3,0,21.42,20.27,0,0
168.4,1,0,28.63,20.72,0,0
105.6,0,0,17.95,21.95,0,0
206.5,5,0,35.11,14.98,0,0
217.1,2,0,36.91,17.44,0,0
229.6,0,1,39.03,17.48,0,0
278.3,0,0,47.31,7.94,1,0
138.6,0,0,23.56,16.92,0,0
234.4,1,1,39.85,23.74,0,0
181.5,1,0,30.86,11.11,0,0
167.3,1,1,28.44,19.55,0,0
121.0,1,0,20.57,18.61,1,0
221.1,0,0,37.59,9.42,0,0
145.8,1,0,24.79,16.34,1,0
222.8,1,0,37.88,13.87,0,0
183.4,4,0,31.18,20.57,0,0
264.3,0,0,44.93,13.68,0,1
146.0,0,0,24.82,9.32,0,0
157.1,4,1,26.71,15.72,0,0
127.3,1,0,21.64,21.36,0,1
187.9,2,0,31.94,16.75,0,0
178.8,2,0,30.4,12.0,0,0
97.2,2,0,16.52,15.83,0,0
259.8,0,0,44.17,20.6,0,0
256.5,3,0,43.61,16.96,0,0
169.5,0,0,28.82,10.54,0,0
239.7,2,1,40.75,24.05,0,0
171.5,1,1,29.16,13.6,0,1
239.9,0,0,40.78,14.86,0,0
142.3,1,0,24.19,16.56,1,0
184.1,2,0,31.3,27.8,0,0
206.9,2,0,35.17,22.47,1,0
259.9,1,0,44.18,14.98,0,0
203.8,0,0,34.65,24.06,0,0
248.8,3,0,42.3,11.93,1,0
221.6,1,0,37.67,11.07,1,0
192.9,1,0,32.79,15.77,0,1
122.4,1,0,20.81,9.64,0,0
104.9,1,0,17.83,18.39,1,0
173.2,3,0,29.44,16.73,0,0
119.4,2,0,20.3,23.23,0,0
250.3,2,1,42.55,22.15,0,0
178.3,1,0,30.31,24.02,0,0
243.4,1,0,41.38,15.48,0,0
155.0,2,0,26.35,14.9,0,0
288.7,0,0,49.08,17.32,1,0
240.4,1,0,40.87,10.11,1,0
190.3,1,0,32.35,25.61,0,0
278.0,0,1,47.26,15.02,0,0
155.0,1,0,26.35,28.1,0,0
153.5,2,0,26.1,16.8,0,0
273.4,1,0,46.48,13.09,1,0
155.3,0,0,26.4,22.58,0,0
133.1,1,0,22.63,18.8,1,0
246.8,1,0,41.96,15.96,0,0
165.4,2,0,28.12,16.66,0,1
59.5,0,0,10.12,21.86,0,0
138.3,3,0,23.51,20.06,0,0
286.7,2,0,48.74,11.42,0,0
117.3,1,0,19.94,17.09,0,0
264.3,4,0,44.93,17.24,1,0
127.9,0,0,21.74,23.05,0,0
225.5,0,0,38.34,20.94,1,0
149.0,0,0,25.33,20.85,0,0
198.9,1,0,33.81,23.29,1,0
256.4,1,1,43.59,23.28,0,0
264.8,1,1,45.02,20.86,0,0
98.2,2,0,16.69,15.34,0,0
159.8,2,0,27.17,22.44,0,0
190.6,3,0,32.4,18.71,1,0
184.0,0,0,31.28,10.23,0,0
261.8,1,0,44.51,18.75,0,0
147.9,3,0,25.14,19.41,0,0
106.4,1,0,18.09,9.19,1,0
133.7,0,0,22.73,16.6,0,0
193.5,0,0,32.9,18.72,1,0
178.2,3,1,30.29,14.26,0,1
226.2,3,1,38.45,15.44,1,0
170.4,1,0,28.97,17.02,0,0
70.9,3,0,12.05,14.17,1,0
194.4,2,0,33.05,21.67,1,0
240.3,1,0,40.85,13.99,0,0
75.0,3,0,12.75,21.14,0,0
69.1,1,0,11.75,11.59,0,0
96.6,4,1,16.42,26.81,1,0
214.6,0,0,36.48,19.98,1,0
148.5,3,0,25.25,12.45,0,0
258.1,1,0,43.88,13.72,0,0
149.7,3,0,25.45,13.81,1,0
149.8,1,0,25.47,13.97,0,0
190.4,2,0,32.37,13.44,0,0
181.4,1,0,30.84,21.57,0,0
151.1,1,0,25.69,15.93,0,0
155.7,0,0,26.47,14.76,0,0
149.9,2,0,25.48,21.77,0,0
222.3,3,0,37.79,19.68,0,0
149.4,0,0,25.4,11.2,1,0
233.8,0,0,39.75,18.84,0,1
204.2,0,0,34.71,24.87,0,0
242.9,1,0,41.29,17.83,0,0
150.4,1,0,25.57,19.59,0,0
208.9,0,0,35.51,21.45,0,0
191.9,1,1,32.62,21.77,0,1
130.7,2,1,22.22,22.15,0,1
119.6,2,0,20.33,23.69,1,0
273.6,1,0,46.51,9.74,0,0
156.1,2,0,26.54,15.33,0,1
178.7,2,0,30.38,15.18,1,0
177.5,2,0,30.18,24.43,0,0
211.3,4,1,35.92,8.98,0,1
175.2,1,0,29.78,20.77,0,0
114.3,3,0,19.43,16.18,1,0
251.4,1,0,42.74,19.13,1,0
216.9,1,1,36.87,17.63,0,1
217.2,0,0,36.92,12.37,1,1
206.3,0,0,35.07,13.17,0,0
159.3,1,0,27.08,10.7,0,0
143.1,2,0,24.33,20.11,1,0
154.0,3,1,26.18,28.03,0,0
186.6,1,0,31.72,18.87,1,0
170.8,5,1,29.04,16.96,1,0
124.0,1,0,21.08,17.25,1,0
198.3,3,0,33.71,23.74,0,0
172.8,2,0,29.38,17.41,0,0
217.4,0,0,36.96,18.17,1,0
265.9,0,1,45.2,18.34,1,1
93.6,1,0,15.91,16.47,1,0
98.2,2,0,16.69,26.11,0,0
214.7,2,0,36.5,13.48,0,0
168.2,1,0,28.59,19.1,0,0
202.9,3,0,34.49,13.07,0,0
261.4,1,0,44.44,13.13,0,0
73.3,4,1,12.46,13.72,0,0
253.7,7,0,43.13,19.48,1,0
45.0,2,0,7.65,12.86,0,0
231.3,1,0,39.32,14.59,0,0
47.4,2,0,8.06,14.26,0,0
227.4,0,0,38.66,15.51,0,0
40.9,0,0,6.95,11.34,1,0
124.8,2,0,21.22,13.37,0,0
68.5,0,0,11.65,28.65,0,1
163.5,2,0,27.8,17.26,1,0
163.0,2,0,27.71,18.62,0,0
213.7,2,0,36.33,21.51,1,0
201.3,1,0,34.22,3.59,1,0
310.4,4,0,52.77,5.65,0,0
48.4,1,0,8.23,23.89,0,0
171.2,1,0,29.1,12.38,1,0
166.5,0,0,28.31,15.56,1,0
216.6,0,0,36.82,16.22,0,0
107.8,2,0,18.33,18.41,0,0
141.3,1,0,24.02,14.28,1,0
209.9,0,0,35.68,13.43,1,0
237.5,9,1,40.38,21.54,1,1
234.5,3,0,39.87,18.4,0,0
103.1,3,0,17.53,20.66,1,0
129.5,1,0,22.02,21.16,1,0
279.8,2,1,47.57,21.14,0,1
136.8,5,1,23.26,17.07,1,1
100.1,0,0,17.02,20.94,1,0
237.1,4,0,40.31,17.48,1,0
172.8,4,1,29.38,15.56,0,0
224.5,2,0,38.17,17.06,0,0
288.1,3,1,48.98,21.93,0,0
78.2,2,0,13.29,16.65,0,1
148.7,2,0,25.28,22.02,0,0
194.6,2,0,33.08,10.19,1,0
159.5,0,0,27.12,25.82,0,0
194.5,1,0,33.07,18.16,1,0
174.1,2,1,29.6,21.34,0,0
131.8,2,0,22.41,11.62,0,0
160.6,1,0,27.3,20.15,0,0
146.8,0,0,24.96,26.35,1,0
200.7,1,0,34.12,22.46,1,0
145.6,1,0,24.75,8.36,0,0
229.4,2,0,39.0,21.88,1,0
211.0,3,0,35.87,16.07,0,0
121.5,2,0,20.66,23.07,1,0
216.0,2,0,36.72,16.0,0,1
293.0,2,0,49.81,13.65,0,0
221.1,2,1,37.59,22.52,1,1
181.5,1,0,30.86,16.74,0,0
74.3,2,0,12.63,15.07,1,0
62.3,1,0,10.59,23.38,0,1
228.6,3,0,38.86,21.12,1,0
228.1,2,1,38.78,23.5,0,0
309.9,1,0,52.68,17.03,1,0
201.9,3,0,34.32,19.28,0,0
149.8,2,0,25.47,15.3,0,0
183.8,1,0,31.25,19.52,1,0
186.7,1,0,31.74,28.48,1,0
209.4,1,1,35.6,29.52,0,0
223.2,3,0,37.94,15.57,1,0
164.2,1,0,27.91,13.21,0,0
150.5,1,0,25.59,16.41,0,0
234.2,0,1,39.81,24.91,0,0
55.3,1,0,9.4,14.0,0,0
221.8,1,0,37.71,17.32,0,1
169.6,1,0,28.83,5.01,0,0
89.7,5,1,15.25,22.11,0,0
80.2,1,0,13.63,18.62,1,0
218.9,2,0,37.21,25.49,0,0
125.7,1,0,21.37,17.65,0,0
176.3,2,0,29.97,7.94,0,0
207.2,2,0,35.22,21.6,1,0
205.7,2,0,34.97,13.76,0,0
151.4,1,0,25.74,12.95,1,0
157.5,3,0,26.78,11.11,0,0
160.4,2,0,27.27,8.72,0,0
159.0,1,0,27.03,14.27,0,0
214.1,0,0,36.4,17.08,1,0
102.6,2,0,17.44,20.91,0,0
159.7,0,1,27.15,16.79,0,1
202.8,1,0,34.48,14.09,0,0
57.5,3,0,9.78,22.57,0,0
169.9,1,0,28.88,19.14,0,0
335.5,2,1,57.04,18.06,0,0
139.5,0,0,23.72,24.59,0,0
142.3,1,0,24.19,10.09,1,0
187.8,0,0,31.93,21.13,0,0
146.2,3,0,24.85,22.23,0,0
231.8,3,0,39.41,12.8,0,0
193.7,1,0,32.93,13.11,0,0
156.4,4,0,26.59,19.84,0,0
220.7,1,1,37.52,18.5,1,1
239.8,2,0,40.77,18.86,1,0
172.0,1,0,29.24,17.02,1,0
128.2,2,0,21.79,23.33,1,1
130.2,3,0,22.13,24.73,0,0
195.4,1,0,33.22,13.14,0,0
293.3,0,1,49.86,16.02,0,1
191.3,1,0,32.52,16.48,0,0
122.4,1,0,20.81,12.22,0,0
209.6,2,0,35.63,12.49,1,0
215.7,3,0,36.67,12.44,0,0
161.4,0,0,27.44,18.75,0,0
144.2,3,0,24.51,19.27,0,0
220.2,0,1,37.43,15.75,1,1
256.2,4,0,43.55,13.66,0,0
112.7,1,0,19.16,18.5,0,0
299.5,0,1,50.92,19.27,0,0
194.8,0,0,33.12,14.53,0,0
100.8,0,0,17.14,19.55,0,0
82.5,3,0,14.03,24.64,1,0
146.4,2,0,24.89,7.62,1,0
177.9,2,0,30.24,19.09,0,0
153.5,5,0,26.1,16.49,1,0
150.7,1,0,25.62,16.77,0,0
180.1,0,0,30.62,10.84,1,0
265.3,1,0,45.1,12.55,1,0
128.6,0,0,21.86,11.39,0,0
161.5,2,0,27.46,14.75,0,0
165.3,1,0,28.1,16.87,0,0
195.0,0,0,33.15,17.89,0,0
213.8,0,0,36.35,22.53,0,0
205.5,1,0,34.94,18.64,1,0
252.9,3,0,42.99,15.12,1,0
235.6,0,0,40.05,19.37,1,0
192.0,1,0,32.64,10.85,0,0
69.1,0,0,11.75,8.61,1,0
261.7,3,1,44.49,17.9,0,0
235.5,2,0,40.04,21.86,0,0
213.4,1,0,36.28,17.42,0,0
206.9,3,0,35.17,10.86,1,0
263.8,3,0,44.85,8.79,1,0
183.4,1,0,31.18,16.62,1,0
157.6,5,1,26.79,16.5,0,0
175.6,0,0,29.85,13.75,0,0
242.5,2,0,41.23,8.74,0,0
151.0,0,0,25.67,11.17,0,0
138.1,1,0,23.48,13.98,0,0
264.7,1,1,45.0,25.93,0,0
282.3,1,0,47.99,12.92,1,0
211.2,0,0,35.9,20.2,0,0
197.1,3,0,33.51,11.06,0,0
205.3,1,0,34.9,14.17,0,0
181.8,2,0,30.91,19.39,1,0
252.0,2,0,42.84,12.77,0,0
193.8,0,0,32.95,10.11,0,0
231.2,1,0,39.3,16.04,0,0
200.1,0,0,34.02,16.06,1,0
266.7,1,0,45.34,19.75,1,0
118.1,2,0,20.08,18.83,1,0
175.3,0,0,29.8,12.27,0,0
125.1,3,0,21.27,21.15,0,0
176.8,1,0,30.06,19.1,0,0
241.9,1,0,41.12,11.0,0,0
241.2,0,0,41.0,9.9,0,0
217.1,1,0,36.91,20.06,0,0
195.4,0,0,33.22,15.4,0,0
222.4,1,1,37.81,27.8,0,1
189.5,1,0,32.22,16.13,0,0
123.1,0,0,20.93,13.46,0,0
256.7,3,0,43.64,12.79,1,0
159.1,1,0,27.05,20.54,0,0
100.1,3,0,17.02,19.83,0,0
30.9,1,0,5.25,15.9,1,0
223.2,3,0,37.94,18.22,0,0
187.4,1,0,31.86,16.99,0,0
315.6,3,0,53.65,17.76,1,0
277.5,1,0,47.18,11.2,0,0
189.8,2,0,32.27,16.77,0,0
147.2,1,0,25.02,16.39,0,0
185.8,4,0,31.59,23.5,0,0
155.4,3,0,26.42,16.02,1,0
154.2,6,0,26.21,22.83,0,0
97.6,1,0,16.59,8.97,0,0
178.8,1,0,30.4,15.16,0,0
149.3,0,0,25.38,23.26,0,0
206.0,0,0,35.02,15.81,0,0
216.8,0,0,36.86,16.22,0,0
103.3,0,0,17.56,10.97,0,0
139.4,0,0,23.7,13.52,0,0
191.2,1,0,32.5,13.93,0,0
160.0,1,0,27.2,16.1,1,0
221.7,3,0,37.69,16.41,0,0
62.9,1,0,10.69,19.64,0,0
215.6,1,0,36.65,16.6,0,0
165.3,3,0,28.1,19.0,1,0
94.7,2,0,16.1,13.12,1,1
203.2,2,0,34.54,12.96,0,0
195.3,3,0,33.2,18.42,0,0
143.7,4,0,24.43,25.31,0,0
114.4,2,0,19.45,6.66,0,0
222.8,2,0,37.88,17.26,0,0
175.9,2,0,29.9,17.99,1,0
249.9,1,1,42.48,20.61,0,1
234.5,2,0,39.87,16.59,1,1
210.7,1,0,35.82,18.63,0,0
182.3,1,0,30.99,14.44,0,0
190.3,2,0,32.35,16.53,0,0
177.1,0,0,30.11,13.91,1,0
87.2,6,1,14.82,14.39,1,0
215.6,1,0,36.65,16.44,0,0
137.4,3,0,23.36,20.2,0,0
192.8,1,0,32.78,15.05,1,0
149.3,2,0,25.38,17.02,0,0
143.7,1,0,24.43,14.51,0,0
224.8,1,0,38.22,16.15,0,0
261.2,2,0,44.4,18.21,1,0
196.5,0,0,33.41,14.94,1,0
271.2,3,1,46.1,17.22,0,0
207.2,2,0,35.22,24.86,0,0
300.4,2,0,51.07,11.32,0,0
229.6,2,0,39.03,11.25,1,0
187.5,1,0,31.88,14.43,1,1
57.1,3,0,9.71,16.97,0,1
162.1,5,1,27.56,13.18,0,0
145.0,2,1,24.65,14.94,0,1
159.5,1,0,27.12,20.47,0,0
190.7,1,0,32.42,17.73,0,0
230.6,1,0,39.2,16.07,1,0
34.0,0,0,5.78,23.68,0,0
193.4,5,0,32.88,20.45,1,0
202.0,1,0,34.34,13.9,0,0
191.7,1,0,32.59,20.52,0,0
161.3,1,0,27.42,21.28,1,0
150.6,1,0,25.6,10.12,0,0
184.6,1,0,31.38,16.66,0,0
220.7,1,0,37.52,22.97,0,0
167.3,1,0,28.44,16.87,0,1
154.0,3,0,26.18,15.77,1,0
121.1,0,0,20.59,15.84,1,0
182.1,3,0,30.96,13.99,1,0
109.6,2,0,18.63,11.7,0,0
209.9,1,0,35.68,10.36,0,0
167.5,2,0,28.48,20.58,0,0
213.9,2,0,36.36,20.38,0,0
115.8,1,0,19.69,20.68,0,0
276.6,2,0,47.02,18.71,1,0
179.4,2,0,30.5,15.39,1,0
187.3,1,0,31.84,23.02,0,0
201.2,2,0,34.2,19.31,0,0
189.6,1,0,32.23,22.73,0,1
186.8,0,0,31.76,22.19,1,0
153.5,0,0,26.1,18.62,1,0
187.6,2,0,31.89,17.7,0,0
230.9,0,1,39.25,20.67,0,1
244.9,2,0,41.63,10.03,1,0
230.9,3,0,39.25,18.96,0,0
187.1,1,0,31.81,21.27,0,0
170.7,1,0,29.02,16.24,0,0
126.9,5,1,21.57,14.19,1,1
189.5,0,0,32.22,17.6,0,0
176.9,1,1,30.07,14.27,0,1
161.1,1,0,27.39,16.9,0,0
169.4,1,0,28.8,16.76,0,0
254.4,0,0,43.25,13.74,1,0
127.7,2,0,21.71,18.28,1,1
170.5,6,0,28.99,18.46,1,0
219.1,2,0,37.25,20.65,0,1
273.5,2,0,46.5,15.62,0,1
161.9,1,0,27.52,17.08,0,1
241.7,1,0,41.09,12.07,1,0
62.8,3,0,10.68,14.48,0,1
281.1,1,0,47.79,12.21,1,0
228.2,3,0,38.79,22.41,0,0
209.8,0,0,35.67,16.53,0,0
265.6,2,1,45.15,17.75,0,0
214.9,2,0,36.53,10.01,0,0
110.5,3,0,18.79,18.97,0,0
281.1,0,0,47.79,16.83,1,1
137.8,2,0,23.43,24.34,0,0
271.5,1,1,46.16,21.54,1,1
112.8,2,0,19.18,18.6,0,0
187.3,1,0,31.84,20.37,0,0
197.0,1,0,33.49,22.89,0,0
180.4,1,0,30.67,11.0,1,0
148.5,1,1,25.25,18.65,0,1
197.1,2,0,33.51,22.05,1,0
153.7,1,0,26.13,11.71,1,0
261.3,1,0,44.42,18.78,1,0
246.2,1,0,41.85,17.2,0,0
191.0,0,0,32.47,27.1,0,0
208.3,1,0,35.41,21.56,0,0
253.0,0,0,43.01,18.64,0,0
202.3,0,0,34.39,17.13,0,0
174.4,0,0,29.65,13.29,0,0
127.1,1,0,21.61,14.63,1,0
143.5,0,0,24.4,20.62,1,1
186.9,1,0,31.77,20.4,1,0
194.0,1,0,32.98,20.57,0,0
234.8,0,0,39.92,9.08,0,0
123.7,1,0,21.03,8.76,0,0
173.9,0,0,29.56,23.49,0,0
130.9,1,0,22.25,17.29,1,0
314.6,2,1,53.48,14.43,0,0
227.9,1,0,38.74,17.64,0,0
95.5,2,0,16.24,13.91,0,0
185.3,1,0,31.5,17.68,0,0
146.3,1,0,24.87,17.23,0,0
184.0,2,0,31.28,6.49,1,0
105.8,0,0,17.99,3.73,0,0
178.0,1,0,30.26,13.07,0,0
149.4,1,0,25.4,10.53,1,0
209.4,2,0,35.6,11.26,0,0
172.1,1,0,29.26,17.99,0,0
169.3,1,0,28.78,18.52,0,1
119.1,0,0,20.25,24.45,0,0
194.2,2,0,33.01,14.74,0,0
198.8,2,0,33.8,19.56,0,0
167.7,3,1,28.51,7.96,0,1
202.2,2,0,34.37,18.43,0,0
322.5,2,1,54.83,17.39,0,0
216.2,0,0,36.75,18.33,0,0
76.4,3,0,12.99,9.83,0,0
72.7,1,0,12.36,17.73,0,0
210.4,0,0,35.77,19.17,1,0
127.2,0,0,21.62,13.85,1,1
201.8,1,0,34.31,25.92,1,0
219.5,1,0,37.32,18.88,1,0
99.3,3,0,16.88,22.99,0,0
239.2,5,0,40.66,12.75,0,0
120.9,2,0,20.55,19.98,0,1
224.7,1,0,38.2,11.0,0,0
176.6,1,0,30.02,13.83,1,0
283.9,1,0,48.26,16.32,1,0
180.6,1,1,30.7,16.23,0,0
125.9,1,0,21.4,16.69,1,0
237.6,0,0,40.39,16.35,0,0
198.4,2,0,33.73,22.5,0,0
274.3,0,0,46.63,4.5,0,0
199.6,3,1,33.93,17.97,0,1
217.7,3,0,37.01,23.25,0,0
134.7,3,0,22.9,20.05,0,0
212.7,2,0,36.16,21.89,1,0
256.3,2,0,43.57,15.32,0,0
183.6,1,0,31.21,10.26,0,0
176.2,1,0,29.95,16.66,0,0
205.0,1,0,34.85,14.06,1,0
267.9,3,1,45.54,18.96,0,0
179.2,2,0,30.46,14.89,0,0
149.4,1,0,25.4,16.7,0,0
163.6,3,0,27.81,12.47,1,0
207.6,1,0,35.29,12.98,0,0
165.4,3,0,28.12,15.61,0,0
209.8,4,0,35.67,14.56,0,0
220.1,0,0,37.42,22.8,1,0
141.3,1,0,24.02,13.12,0,0
196.5,0,0,33.41,20.51,0,0
180.9,2,0,30.75,17.81,0,1
105.0,0,0,17.85,21.39,0,0
271.4,4,1,46.14,16.18,0,0
206.7,1,0,35.14,14.84,1,0
166.8,1,0,28.36,20.06,0,0
204.9,5,0,34.83,11.49,0,0
154.6,1,0,26.28,20.88,1,0
127.0,1,0,21.59,27.47,0,0
267.4,1,0,45.46,17.36,0,1
281.0,1,0,47.77,13.65,0,0
270.8,4,0,46.04,18.73,1,0
171.2,1,0,29.1,15.78,0,0
124.1,3,0,21.1,17.22,0,0
162.8,1,0,27.68,24.68,0,0
146.3,1,0,24.87,21.75,0,0
254.8,2,0,43.32,12.19,0,0
254.9,2,0,43.33,20.67,1,0
107.7,0,0,18.31,16.06,1,0
158.8,1,0,27.0,22.51,0,0
182.9,2,0,31.09,20.37,0,0
198.5,0,0,33.75,3.61,0,0
178.4,0,0,30.33,19.86,0,0
110.9,1,0,18.85,13.47,0,0
166.9,1,1,28.37,18.8,1,0
244.8,2,0,41.62,5.17,0,1
120.8,4,1,20.54,14.43,0,0
165.3,2,0,28.1,17.85,0,0
126.7,2,0,21.54,13.22,0,0
215.9,0,0,36.7,17.05,1,0
140.1,1,0,23.82,17.82,0,0
209.9,1,0,35.68,21.23,1,0
139.8,0,0,23.77,11.75,1,1
321.6,2,1,54.67,21.39,0,0
166.6,7,0,28.32,18.6,0,0
214.2,0,0,36.41,16.73,0,0
260.0,1,1,44.2,17.89,0,0
191.9,4,1,32.62,6.03,0,0
213.0,0,0,36.21,16.05,0,0
118.1,1,0,20.08,9.32,1,0
190.2,6,0,32.33,14.14,0,0
82.2,0,0,13.97,13.88,1,0
163.8,0,0,27.85,15.11,1,0
267.8,5,1,45.53,26.89,0,0
159.8,2,0,27.17,10.23,0,0
214.3,1,0,36.43,24.63,1,0
287.3,0,1,48.84,24.48,0,0
101.2,2,0,17.2,12.04,0,0
102.8,2,0,17.48,23.94,0,0
109.1,0,0,18.55,9.83,0,0
215.9,1,0,36.7,18.45,0,0
203.4,1,0,34.58,10.94,0,0
110.1,1,0,18.72,14.37,0,0
111.0,1,0,18.87,18.68,0,0
239.9,1,0,40.78,12.1,0,0
144.8,1,0,24.62,9.56,0,0
135.4,1,0,23.02,17.5,0,0
84.2,1,0,14.31,6.87,0,0
209.1,0,0,35.55,9.02,0,0
130.1,0,0,22.12,16.66,1,0
175.8,2,0,29.89,13.18,1,0
241.9,1,0,41.12,12.34,0,0
136.7,0,0,23.24,19.43,0,0
67.7,1,0,11.51,16.63,0,0
200.4,1,0,34.07,26.28,0,0
125.8,1,1,21.39,17.65,0,1
128.2,1,0,21.79,11.32,0,0
226.3,4,0,38.47,18.96,0,0
162.3,0,0,27.59,19.88,1,0
224.4,2,0,38.15,12.57,0,0
120.5,1,0,20.49,16.12,0,0
91.1,2,0,15.49,15.24,0,0
168.8,0,0,28.7,20.52,0,0
153.5,2,0,26.1,24.42,0,0
226.2,0,0,38.45,11.93,0,0
191.9,1,0,32.62,17.59,0,0
167.9,4,1,28.54,16.21,1,0
180.0,2,0,30.6,12.33,0,0
257.4,2,1,43.76,22.19,0,0
174.4,1,0,29.65,14.44,1,0
159.7,1,0,27.15,13.21,0,0
237.2,1,0,40.32,18.92,0,0
103.0,1,0,17.51,20.6,0,0
153.8,4,0,26.15,19.89,0,0
205.1,3,0,34.87,13.64,0,0
175.7,2,0,29.87,15.91,1,0
155.9,2,0,26.5,19.06,0,0
154.4,0,0,26.25,18.82,1,0
209.7,2,0,35.65,15.61,1,0
150.0,0,0,25.5,24.3,0,1
232.4,3,0,39.51,15.81,1,0
165.4,2,0,28.12,9.83,0,0
199.2,3,0,33.86,15.92,0,0
217.6,0,0,36.99,27.24,0,0
212.1,3,0,36.06,12.76,0,0
154.0,1,0,26.18,14.09,1,0
193.8,1,0,32.95,17.22,1,0
175.4,0,0,29.82,21.09,0,0
152.0,2,1,25.84,22.0,1,0
230.2,0,0,39.13,15.87,0,0
174.9,1,1,29.73,21.1,1,0
190.2,0,0,32.33,22.29,0,0
176.4,1,0,29.99,19.12,0,0
160.9,3,0,27.35,21.35,0,0
228.7,1,0,38.88,13.86,0,0
144.0,0,0,24.48,15.44,0,0
135.9,6,0,23.1,23.04,1,0
334.3,0,1,56.83,16.33,0,0
130.5,0,0,22.19,11.15,0,0
134.2,4,1,22.81,13.81,1,0
278.0,4,1,47.26,22.64,0,0
105.4,0,0,17.92,18.26,0,0
188.9,3,0,32.11,17.33,0,0
111.8,1,0,19.01,20.37,1,0
159.1,1,0,27.05,12.73,1,0
212.4,1,0,36.11,19.09,0,0
142.3,1,0,24.19,26.04,0,0
346.8,1,1,58.96,21.21,0,1
113.9,1,0,19.36,12.35,1,0
267.9,1,1,45.54,22.38,1,1
171.4,3,0,29.14,9.79,0,0
275.4,1,0,46.82,15.94,0,0
197.2,0,0,33.52,21.24,1,0
192.6,2,0,32.74,11.49,1,0
91.7,1,0,15.59,12.8,1,0
126.3,0,0,21.47,12.04,0,0
251.5,3,0,42.76,19.9,1,0
190.6,1,0,32.4,12.95,0,0
116.1,0,0,19.74,17.15,0,0
217.3,2,0,36.94,18.37,0,0
179.4,0,0,30.5,19.76,0,0
207.7,0,0,35.31,14.01,0,0
277.3,2,1,47.14,19.41,0,0
125.3,1,0,21.3,14.25,0,0
138.1,2,0,23.48,14.22,1,0
169.3,0,0,28.78,19.2,1,0
201.3,1,0,34.22,12.22,1,0
216.7,2,0,36.84,9.9,0,1
190.4,2,0,32.37,26.99,0,0
143.3,1,0,24.36,16.62,0,0
97.4,2,0,16.56,17.31,1,0
181.4,3,0,30.84,14.25,0,0
246.4,0,0,41.89,21.78,0,0
143.4,2,0,24.38,24.6,0,0
104.9,2,0,17.83,16.87,0,0
156.2,1,0,26.55,16.41,0,0
114.8,0,0,19.52,6.96,0,0
232.5,0,0,39.53,17.47,0,0
143.6,1,0,24.41,12.95,0,0
176.7,2,0,30.04,20.75,0,0
263.4,1,1,44.78,19.58,0,0
146.4,1,0,24.89,12.62,0,0
145.0,2,0,24.65,16.53,1,0
167.8,1,0,28.53,14.25,0,0
166.9,0,0,28.37,13.17,0,0
142.5,2,0,24.23,16.63,0,0
133.0,1,0,22.61,22.34,0,1
252.9,1,0,42.99,24.17,1,0
95.0,2,0,16.15,24.75,1,0
194.2,1,1,33.01,21.2,0,1
222.8,1,0,37.88,18.35,0,0
201.8,0,0,34.31,19.68,0,0
216.0,2,1,36.72,19.75,1,0
146.3,1,0,24.87,14.6,0,0
234.8,1,0,39.92,11.98,0,0
198.6,2,0,33.76,18.18,0,0
94.4,2,0,16.05,18.28,0,0
190.4,2,0,32.37,18.33,0,0
142.6,3,0,24.24,17.7,1,0
134.2,0,0,22.81,14.03,0,1
111.9,5,1,19.02,9.69,0,0
122.8,2,0,20.88,17.96,0,0
189.3,4,0,32.18,18.78,0,0
240.4,0,0,40.87,17.15,1,0
93.5,0,0,15.9,15.59,1,1
158.6,3,0,26.96,17.95,0,0
243.2,4,0,41.34,12.5,0,1
176.4,4,0,29.99,13.5,0,0
220.9,0,0,37.55,20.59,0,0
144.4,0,0,24.55,22.65,0,0
212.3,0,0,36.09,19.41,0,0
147.0,1,0,24.99,14.08,0,0
96.2,2,0,16.35,15.21,1,0
263.4,0,0,44.78,15.22,0,0
12.5,1,0,2.13,21.81,0,1
162.3,2,0,27.59,16.35,0,0
183.6,1,0,31.21,4.98,0,0
178.1,1,0,30.28,12.45,0,0
201.4,0,0,34.24,8.3,0,0
123.0,1,0,20.91,11.38,1,0
208.0,0,0,35.36,16.91,0,0
239.2,1,0,40.66,16.02,0,0
193.0,1,0,32.81,7.63,0,0
174.5,1,0,29.67,20.88,1,0
116.7,1,0,19.84,12.4,1,0
93.8,1,0,15.95,12.75,0,0
154.1,2,0,26.2,10.09,1,1
239.5,0,0,40.72,17.32,1,0
216.0,0,0,36.72,19.05,1,0
187.4,1,0,31.86,15.11,0,0
167.4,0,0,28.46,19.82,0,0
160.4,1,0,27.27,18.54,0,0
143.2,1,0,24.34,17.77,0,0
205.3,1,0,34.9,20.44,0,0
219.1,1,0,37.25,12.88,1,0
143.2,1,0,24.34,14.43,0,0
232.8,2,0,39.58,14.89,0,0
162.0,0,0,27.54,21.04,0,0
25.9,1,0,4.4,17.55,1,0
154.2,4,1,26.21,9.55,0,0
322.3,0,1,54.79,18.87,0,0
209.9,1,0,35.68,18.81,0,0
191.5,0,0,32.56,14.89,0,0
291.1,1,0,49.49,19.27,1,0
215.6,3,0,36.65,18.38,0,0
208.8,3,0,35.5,18.16,0,1
255.9,3,0,43.5,17.35,0,0
252.7,2,0,42.96,18.79,0,0
132.1,3,0,22.46,21.04,0,0
217.0,1,0,36.89,17.6,0,0
101.9,0,0,17.32,18.96,1,0
211.5,2,0,35.96,15.69,0,0
153.4,0,0,26.08,16.87,0,0
166.3,2,0,28.27,20.34,0,0
185.2,1,0,31.48,14.48,0,0
104.6,2,0,17.78,12.71,0,0
245.2,0,0,41.68,13.52,0,0
274.4,1,0,46.65,16.88,0,0
98.4,1,0,16.73,21.22,0,0
279.9,1,0,47.58,18.96,1,0
187.2,1,0,31.82,16.63,0,0
276.2,3,0,46.95,14.09,0,0
200.4,1,0,34.07,23.19,1,0
162.3,2,0,27.59,20.74,0,0
176.9,4,1,30.07,8.74,0,0
165.5,0,0,28.14,17.47,0,0
217.8,4,0,37.03,16.12,0,0
201.4,2,1,34.24,20.95,1,0
190.5,3,0,32.39,15.27,0,0
179.9,3,0,30.58,16.08,1,0
235.9,3,0,40.1,6.85,0,0
140.4,0,0,23.87,15.9,0,0
144.6,2,0,24.58,22.0,0,0
189.0,0,0,32.13,10.07,0,0
101.0,0,0,17.17,13.23,0,0
206.3,1,0,35.07,24.89,0,0
165.1,1,0,28.07,22.7,1,0
165.0,1,1,28.05,17.22,0,0
155.9,3,0,26.5,21.77,0,0
199.2,1,0,33.86,18.25,0,1
155.3,3,0,26.4,16.0,0,0
208.3,3,0,35.41,20.12,0,0
157.1,1,0,26.71,13.82,0,0
154.4,5,1,26.25,14.31,0,0
189.1,1,1,32.15,20.92,0,0
131.5,2,0,22.36,19.57,1,0
166.4,1,0,28.29,20.67,0,0
142.3,2,0,24.19,10.44,0,0
87.7,2,0,14.91,18.96,1,0
184.1,0,0,31.3,16.53,1,0
174.5,2,0,29.67,19.06,1,1
103.3,2,0,17.56,11.77,0,0
35.1,1,0,5.97,15.37,0,0
246.6,1,0,41.92,12.02,1,0
78.5,1,0,13.35,17.89,1,0
148.1,5,1,25.18,14.02,0,0
206.2,1,0,35.05,21.79,0,0
251.6,2,0,42.77,16.8,1,0
270.3,1,1,45.95,18.29,1,1
156.6,1,0,26.62,19.06,1,0
139.4,1,0,23.7,19.01,0,0
220.2,2,0,37.43,16.01,0,0
214.1,1,0,36.4,14.38,1,0
196.0,1,0,33.32,18.14,0,0
106.4,6,1,18.09,20.41,0,0
179.4,0,0,30.5,23.41,1,0
216.7,2,0,36.84,12.27,0,0
177.3,0,0,30.14,12.99,0,0
151.6,1,0,25.77,18.65,0,0
262.2,0,0,44.57,14.04,1,0
173.6,3,0,29.51,7.79,0,0
106.6,2,0,18.12,12.53,0,1
193.3,5,1,32.86,10.91,0,0
217.2,0,0,36.92,11.79,1,0
209.5,1,0,35.62,14.69,0,0
95.4,1,0,16.22,17.61,0,0
214.6,1,0,36.48,17.44,1,0
131.6,4,1,22.37,17.96,0,0
168.4,1,0,28.63,18.45,0,0
146.4,1,0,24.89,15.01,0,0
183.0,1,0,31.11,17.57,0,1
103.3,0,0,17.56,20.9,0,0
112.2,0,0,19.07,13.16,1,0
170.7,3,0,29.02,15.22,0,1
172.5,0,0,29.33,12.12,0,0
194.3,1,0,33.03,20.67,1,0
187.8,2,0,31.93,11.03,1,0
307.1,0,0,52.21,24.6,1,1
118.2,3,0,20.09,14.21,0,0
154.0,1,0,26.18,17.5,0,0
155.5,1,0,26.44,18.14,0,0
125.6,1,0,21.35,18.11,0,1
199.3,0,0,33.88,19.06,0,0
157.9,1,0,26.84,15.37,0,0
203.4,2,0,34.58,14.25,0,0
222.2,1,0,37.77,18.57,0,0
92.8,1,0,15.78,23.05,1,0
216.8,0,0,36.86,8.69,1,0
193.2,4,0,32.84,16.52,0,0
113.2,3,0,19.24,16.09,0,0
166.2,3,0,28.25,20.3,1,0
262.2,1,0,44.57,13.35,1,0
207.8,0,0,35.33,16.63,0,0
245.4,1,0,41.72,12.6,1,0
287.1,3,1,48.81,15.16,0,0
192.3,2,0,32.69,14.05,1,0
194.2,2,0,33.01,20.58,0,0
211.0,3,0,35.87,18.45,0,0
141.9,0,0,24.12,19.46,1,0
220.5,2,0,37.49,20.36,1,0
157.4,1,0,26.76,12.33,0,0
143.5,0,0,24.4,19.0,1,0
156.0,0,0,26.52,4.76,0,0
160.1,2,0,27.22,17.71,0,1
235.1,4,1,39.97,21.4,0,1
160.0,5,1,27.2,17.81,1,1
188.4,1,0,32.03,14.1,0,0
194.8,1,0,33.12,20.0,0,0
247.8,1,0,42.13,11.05,0,0
221.2,4,0,37.6,18.16,0,0
118.5,2,0,20.15,18.18,1,0
231.8,1,0,39.41,19.8,1,0
215.9,1,0,36.7,21.92,1,0
217.1,2,0,36.91,18.77,1,0
83.5,0,0,14.2,18.79,0,0
183.3,1,0,31.16,17.43,1,0
236.8,1,1,40.26,22.55,0,1
193.8,1,0,32.95,16.6,0,0
134.0,0,0,22.78,17.51,1,0
176.6,2,0,30.02,14.68,1,0
191.4,3,0,32.54,17.46,0,0
174.8,0,0,29.72,18.67,1,1
275.2,1,0,46.78,15.32,0,0
174.0,1,0,29.58,20.49,0,0
165.0,1,0,28.05,21.22,0,0
228.7,1,0,38.88,14.34,0,0
107.9,2,0,18.34,20.04,0,0
221.3,1,0,37.62,13.41,0,0
141.1,3,0,23.99,17.97,0,0
166.4,4,0,28.29,20.26,1,0
249.6,3,0,42.43,19.31,1,0
178.6,1,0,30.36,18.11,0,0
139.0,2,0,23.63,19.12,0,0
134.3,2,0,22.83,17.2,0,0
215.9,3,0,36.7,20.41,0,0
181.6,1,0,30.87,18.12,1,0
178.4,1,0,30.33,14.31,0,0
106.4,1,0,18.09,11.92,0,0
170.7,2,0,29.02,20.42,0,0
184.5,0,0,31.37,15.57,1,0
161.2,1,0,27.4,17.36,1,0
84.9,2,0,14.43,21.89,0,0
217.9,1,0,37.04,19.56,0,0
270.9,0,1,46.05,19.23,0,0
243.0,0,1,41.31,15.63,0,0
128.2,0,0,21.79,4.09,0,0
126.3,2,0,21.47,14.35,0,0
178.7,4,0,30.38,18.33,0,0
159.0,0,0,27.03,21.68,0,0
150.9,3,0,25.65,13.75,0,0
219.9,3,0,37.38,17.72,1,1
168.0,2,0,28.56,16.35,0,0
162.1,4,1,27.56,14.6,1,0
198.8,5,0,33.8,16.62,0,0
256.8,3,0,43.66,19.56,0,1
182.8,1,0,31.08,18.08,1,0
196.8,1,0,33.46,21.61,1,0
140.1,2,0,23.82,19.67,0,0
194.3,5,0,33.03,16.14,0,0
117.6,1,0,19.99,18.19,0,0
193.7,0,0,32.93,15.86,0,1
243.1,2,0,41.33,19.67,0,0
145.4,1,0,24.72,10.99,0,0
169.1,3,0,28.75,14.44,0,0
229.3,2,0,38.98,15.68,0,0
197.2,4,0,33.52,17.99,0,1
186.4,2,1,31.69,17.09,1,0
76.1,0,0,12.94,24.68,0,0
162.8,2,0,27.68,15.73,0,0
182.3,1,0,30.99,16.93,0,0
194.4,2,0,33.05,21.06,0,1
189.3,2,0,32.18,10.08,1,0
160.1,3,0,27.22,14.34,1,0
145.0,3,0,24.65,20.46,0,0
220.7,4,0,37.52,10.14,0,0
224.7,1,1,38.2,11.43,1,0
147.0,1,0,24.99,13.8,0,0
260.8,1,0,44.34,18.14,1,0
155.4,0,0,26.42,13.95,0,0
166.2,1,0,28.25,21.7,0,0
211.8,0,0,36.01,22.14,0,0
130.5,4,1,22.19,17.71,1,0
162.7,0,0,27.66,24.82,0,0
237.1,1,0,40.31,22.46,1,1
166.2,4,0,28.25,18.5,0,0
121.7,6,1,20.69,10.69,0,0
176.4,0,0,29.99,17.09,0,0
67.4,2,0,11.46,20.74,1,0
229.7,1,1,39.05,28.56,0,0
176.0,1,0,29.92,23.62,1,0
247.7,0,1,42.11,22.91,0,0
115.4,2,0,19.62,22.32,0,0
112.2,0,1,19.07,17.82,0,0
162.6,0,0,27.64,13.09,0,0
229.4,4,0,39.0,18.2,0,0
139.6,2,0,23.73,10.56,0,0
263.8,5,1,44.85,21.36,0,0
217.5,4,0,36.98,19.86,1,0
114.3,1,0,19.43,16.98,1,0
196.3,2,0,33.37,11.63,0,0
253.2,1,0,43.04,15.98,0,0
98.0,0,0,16.66,20.46,0,0
249.4,0,0,42.4,17.98,0,0
129.6,1,0,22.03,19.81,1,0
221.3,0,0,37.62,22.75,0,0
220.7,1,0,37.52,15.11,0,0
87.6,1,0,14.89,22.27,0,0
203.6,0,0,34.61,13.74,0,0
213.6,2,0,36.31,19.97,0,0
181.6,2,0,30.87,18.76,1,0
215.4,1,0,36.62,27.94,1,0
266.3,2,1,45.27,17.66,0,0
199.2,3,0,33.86,14.88,0,0
115.0,3,0,19.55,11.71,0,0
270.5,1,1,45.99,19.55,0,0
222.2,1,0,37.77,13.01,0,0
61.9,3,0,10.52,22.32,0,0
141.1,2,0,23.99,21.17,0,0
189.2,3,1,32.16,15.67,0,0
196.0,3,0,33.32,15.81,0,0
171.6,0,0,29.17,17.43,0,0
174.0,2,0,29.58,13.71,0,1
78.6,1,1,13.36,15.92,0,0
200.9,1,0,34.15,13.97,0,0
141.3,1,0,24.02,21.56,0,0
235.8,2,0,40.09,14.96,0,0
185.1,3,0,31.47,14.03,0,0
254.3,2,0,43.23,6.71,0,0
183.0,2,0,31.11,18.26,0,0
163.5,2,0,27.8,23.36,1,0
207.9,2,0,35.34,17.89,0,0
248.6,3,0,42.26,14.87,0,0
185.4,2,0,31.52,16.8,1,0
197.8,1,0,33.63,18.79,0,0
132.1,2,1,22.46,11.81,0,1
197.1,0,0,33.51,19.36,0,0
154.6,2,0,26.28,15.66,0,0
153.1,6,1,26.03,15.8,1,0
211.2,2,0,35.9,19.64,0,0
96.8,2,1,16.46,12.12,0,0
172.0,1,0,29.24,23.49,0,0
141.1,2,0,23.99,12.51,0,0
151.1,2,0,25.69,20.8,1,0
209.6,3,0,35.63,19.45,0,0
247.0,3,0,41.99,10.68,1,0
221.4,1,0,37.64,14.09,1,0
321.3,1,1,54.62,14.27,0,0
243.7,0,0,41.43,5.1,0,0
251.5,3,0,42.76,18.21,0,0
236.9,0,1,40.27,13.4,0,1
159.7,2,0,27.15,18.42,0,0
148.2,4,1,25.19,18.73,0,1
150.9,1,0,25.65,22.83,0,0
210.5,1,0,35.79,21.29,1,0
170.9,2,0,29.05,17.12,1,0
254.7,0,0,43.3,7.67,0,0
284.4,0,1,48.35,13.35,0,0
0.0,4,1,0.0,13.57,0,0
133.7,1,1,22.73,15.96,0,1
224.9,0,0,38.23,16.31,0,0
151.8,1,0,25.81,17.84,0,0
141.4,2,0,24.04,13.86,1,0
285.7,0,1,48.57,19.63,0,0
58.4,1,0,9.93,22.29,0,0
90.4,0,0,15.37,17.11,1,0
114.4,0,0,19.45,18.41,0,0
147.7,2,0,25.11,18.93,0,0
302.7,3,0,51.46,20.44,1,0
136.1,1,0,23.14,17.36,0,0
169.7,3,0,28.85,14.1,0,0
227.2,0,0,38.62,16.52,0,0
217.8,1,1,37.03,18.75,0,0
124.2,2,0,21.11,10.53,0,0
206.2,1,0,35.05,19.75,0,0
132.9,3,0,22.59,5.7,0,0
104.9,3,0,17.83,20.2,1,0
245.0,1,1,41.65,21.31,0,0
184.5,1,0,31.37,19.04,0,0
89.5,3,0,15.22,15.24,0,0
235.6,1,0,40.05,16.56,0,1
186.0,4,0,31.62,22.3,0,0
223.9,1,0,38.06,13.23,0,0
179.5,1,0,30.52,13.8,0,0
169.4,1,0,28.8,21.55,0,0
118.1,1,0,20.08,12.27,0,0
112.0,4,1,19.04,16.46,0,0
168.4,0,0,28.63,19.2,1,0
214.3,0,0,36.43,16.0,1,0
245.7,4,1,41.77,20.56,0,0
156.6,1,0,26.62,6.04,1,0
142.8,1,0,24.28,23.15,1,1
202.4,3,0,34.41,19.61,0,0
116.8,1,0,19.86,10.46,0,0
155.7,1,0,26.47,22.13,0,0
236.1,2,0,40.14,24.58,1,0
138.1,2,0,23.48,22.11,1,0
51.9,3,0,8.82,13.77,0,0
81.3,0,0,13.82,18.75,0,0
171.5,0,0,29.16,13.01,1,0
126.0,1,0,21.42,12.27,0,0
197.2,4,0,33.52,13.26,0,1
194.1,1,0,33.0,19.31,0,0
115.7,1,0,19.67,10.86,0,0
157.2,3,0,26.72,16.69,1,0
269.7,3,1,45.85,17.65,0,0
246.4,0,0,41.89,19.39,0,0
227.4,1,0,38.66,22.82,0,0
189.8,0,0,32.27,9.82,0,0
188.9,4,0,32.11,13.68,1,1
0.0,1,0,0.0,16.33,0,0
110.5,1,0,18.79,19.36,1,0
167.6,4,0,28.49,18.63,0,0
132.0,3,0,22.44,16.79,0,0
167.8,0,0,28.53,21.07,0,0
213.4,1,0,36.28,17.4,0,0
175.4,0,0,29.82,8.36,0,0
82.6,3,0,14.04,19.07,1,0
143.2,4,1,24.34,7.49,0,0
125.5,1,0,21.34,22.93,0,0
82.3,6,1,13.99,21.77,1,0
165.6,1,0,28.15,16.65,0,0
183.1,0,0,31.13,19.77,1,0
162.1,1,0,27.56,18.03,0,0
166.6,1,0,28.32,16.35,0,0
135.9,1,0,23.1,19.82,1,0
165.7,0,0,28.17,18.33,1,0
176.1,1,0,29.94,14.87,0,0
142.3,0,0,24.19,17.38,0,0
177.6,3,0,30.19,25.23,0,0
83.2,1,0,14.14,16.2,0,0
235.0,2,0,39.95,15.58,1,1
105.7,2,0,17.97,12.05,0,0
149.4,3,1,25.4,14.61,0,1
264.7,0,0,45.0,18.4,1,0
160.3,1,0,27.25,18.83,1,0
95.9,1,0,16.3,13.56,1,1
140.7,0,0,23.92,16.59,0,0
119.7,2,0,20.35,19.7,0,0
99.9,2,0,16.98,22.4,1,0
250.9,2,0,42.65,14.57,0,0
200.6,2,0,34.1,24.61,0,1
209.8,1,0,35.67,16.71,1,0
198.0,1,0,33.66,23.26,1,0
239.8,1,0,40.77,10.96,0,0
164.5,0,0,27.97,12.57,0,0
220.9,1,0,37.55,16.34,0,0
112.8,2,0,19.18,20.73,1,0
112.6,0,1,19.14,22.24,1,1
226.4,1,0,38.49,19.95,1,0
244.9,4,0,41.63,18.67,1,1
203.2,2,0,34.54,20.04,0,0
136.7,0,0,23.24,20.66,0,0
152.6,1,0,25.94,17.76,0,0
274.9,1,0,46.73,15.86,1,0
195.7,1,1,33.27,17.77,0,0
204.3,1,0,34.73,16.05,0,1
222.3,3,0,37.79,12.43,0,0
222.5,1,0,37.83,14.58,1,0
128.8,2,0,21.9,13.37,1,0
174.3,0,0,29.63,14.56,0,0
242.5,4,0,41.23,13.8,0,0
221.6,4,0,37.67,24.24,0,0
114.3,0,0,19.43,18.79,0,0
219.7,2,0,37.35,15.88,1,0
144.9,2,0,24.63,12.86,0,0
236.5,2,0,40.21,9.95,1,0
174.0,2,1,29.58,17.8,1,0
109.5,1,0,18.62,28.23,0,0
81.6,1,0,13.87,20.03,1,0
133.4,1,0,22.68,10.29,0,0
137.1,1,0,23.31,17.83,0,0
197.0,0,0,33.49,16.18,0,0
198.1,3,0,33.68,13.32,0,0
39.5,0,0,6.72,22.47,0,0
199.5,2,0,33.92,17.64,0,0
156.8,1,0,26.66,18.34,0,0
183.4,3,0,31.18,20.2,0,0
132.4,1,0,22.51,10.34,0,0
63.2,0,0,10.74,18.72,0,0
181.1,0,1,30.79,18.35,1,1
117.5,3,0,19.98,17.58,1,0
218.7,0,0,37.18,13.89,1,0
207.3,1,0,35.24,11.67,1,0
150.6,0,0,25.6,25.63,0,0
273.3,1,1,46.46,22.41,0,1
266.1,1,0,45.24,15.47,0,1
112.8,0,0,19.18,13.32,0,0
104.7,3,0,17.8,6.99,0,0
193.8,0,0,32.95,16.8,1,0
168.6,1,0,28.66,25.33,0,0
253.2,2,0,43.04,17.09,0,0
174.7,1,0,29.7,19.73,1,0
87.0,0,0,14.79,16.46,0,0
204.5,2,0,34.77,11.29,1,0
226.5,3,0,38.51,12.93,0,0
234.1,1,0,39.8,13.86,0,1
133.3,3,1,22.66,15.55,0,1
133.9,1,0,22.76,14.14,0,0
160.2,0,0,27.23,11.81,0,0
230.6,0,0,39.2,19.05,1,0
227.4,2,0,38.66,14.96,0,0
72.8,2,0,12.38,22.7,0,0
196.1,1,0,33.34,25.2,0,0
197.1,1,0,33.51,14.1,0,0
219.6,1,0,37.33,25.78,0,0
153.4,4,1,26.08,12.87,1,0
216.0,2,0,36.72,15.89,0,0
222.9,0,0,37.89,22.27,1,0
115.9,3,0,19.7,20.11,1,0
189.8,1,0,32.27,12.55,0,0
154.7,0,0,26.3,25.33,0,0
136.4,3,0,23.19,17.21,0,0
170.5,1,0,28.99,23.59,0,0
272.4,0,0,46.31,9.17,0,0
210.0,8,0,35.7,19.78,1,0
236.5,2,0,40.21,13.86,1,1
153.9,2,0,26.16,18.71,0,0
223.0,1,0,37.91,19.3,0,0
252.4,2,0,42.91,14.27,0,0
197.9,1,0,33.64,14.29,0,0
152.4,3,0,25.91,23.34,0,0
237.4,3,0,40.36,14.95,1,0
265.6,1,0,45.15,15.36,0,0
197.3,1,0,33.54,25.99,0,0
199.1,1,0,33.85,18.85,1,0
233.7,2,0,39.73,17.67,0,0
183.1,1,0,31.13,13.61,0,0
139.4,2,0,23.7,12.19,0,0
213.9,1,1,36.36,22.14,0,0
207.1,1,0,35.21,17.01,0,0
139.7,2,0,23.75,17.22,0,0
177.2,2,0,30.12,19.44,0,0
169.8,2,0,28.87,14.76,1,0
173.5,3,0,29.5,20.77,0,0
159.9,1,0,27.18,14.64,0,0
115.1,2,0,19.57,16.73,0,0
136.8,2,0,23.26,15.26,1,0
92.2,1,0,15.67,17.95,0,0
243.9,2,0,41.46,11.31,1,0
117.1,0,0,19.91,20.01,0,0
223.3,0,1,37.96,14.2,0,0
154.8,3,0,26.32,14.58,0,0
261.4,1,1,44.44,18.33,0,0
46.5,4,1,7.91,15.81,0,1
149.9,0,1,25.48,14.53,1,0
242.2,2,1,41.17,19.22,0,1
259.4,1,1,44.1,14.68,0,0
222.4,2,0,37.81,15.79,0,0
69.4,0,0,11.8,16.22,0,0
156.5,4,1,26.61,17.78,1,1
61.2,5,1,10.4,7.85,0,0
245.2,0,0,41.68,8.63,0,1
102.3,3,0,17.39,11.49,0,0
230.9,3,0,39.25,14.25,1,0
227.4,0,0,38.66,17.98,0,1
192.8,1,0,32.78,13.43,0,0
162.6,1,0,27.64,17.53,0,0
219.4,2,0,37.3,15.34,1,0
137.2,1,0,23.32,14.1,0,0
87.7,1,0,14.91,23.65,0,0
271.1,1,0,46.09,14.62,0,0
103.4,1,0,17.58,16.09,0,0
52.2,2,0,8.87,18.71,0,0
165.4,0,1,28.12,23.26,0,0
147.5,2,0,25.08,16.29,0,0
217.8,0,0,37.03,18.25,0,0
235.7,1,0,40.07,11.64,0,0
204.5,2,0,34.77,11.87,1,0
178.4,0,0,30.33,21.0,0,0
130.1,2,0,22.12,21.01,1,0
103.7,2,0,17.63,20.09,1,0
239.9,2,0,40.78,15.05,0,0
148.4,0,0,25.23,22.7,0,0
148.6,2,0,25.26,17.92,0,0
191.1,0,0,32.49,10.98,0,0
218.5,1,0,37.15,9.58,1,0
97.5,1,0,16.58,16.64,0,0
128.7,0,0,21.88,10.0,0,0
236.6,2,0,40.22,16.79,1,0
85.9,0,0,14.6,19.27,0,0
141.2,1,0,24.0,14.25,1,0
194.4,0,0,33.05,14.96,1,0
167.6,2,0,28.49,13.13,0,0
234.5,1,0,39.87,13.96,0,0
154.2,1,0,26.21,16.72,0,0
143.2,1,0,24.34,14.44,1,0
216.4,1,0,36.79,21.22,1,1
161.9,1,0,27.52,12.85,1,0
118.7,3,0,20.18,17.43,0,0
179.1,1,0,30.45,16.71,0,0
147.9,2,0,25.14,17.79,0,0
209.2,2,0,35.56,9.91,1,0
244.3,0,0,41.53,27.4,1,0
175.3,1,0,29.8,22.3,1,0
150.5,1,0,25.59,10.23,0,0
197.4,0,0,33.56,25.13,1,0
163.5,1,0,27.8,12.21,0,0
236.9,2,1,40.27,16.8,0,0
82.3,1,0,13.99,14.21,0,0
216.0,1,0,36.72,13.06,0,0
180.0,1,0,30.6,16.9,0,1
143.7,1,0,24.43,14.71,0,0
198.2,1,0,33.69,23.83,1,0
185.6,2,0,31.55,18.67,1,0
137.6,3,0,23.39,13.77,0,0
273.9,1,1,46.56,23.68,0,1
125.3,3,0,21.3,12.0,1,0
178.8,3,0,30.4,14.27,0,0
214.9,0,0,36.53,16.85,1,0
163.0,2,0,27.71,17.33,0,0
163.8,2,0,27.85,11.47,1,0
189.5,1,0,32.22,17.42,0,0
155.2,0,0,26.38,19.63,1,0
242.3,0,1,41.19,29.83,0,1
254.1,3,0,43.2,15.32,1,1
112.0,2,0,19.04,17.68,1,0
115.5,3,0,19.64,22.72,0,0
137.1,1,0,23.31,17.92,0,0
198.4,0,0,33.73,20.05,0,0
132.7,3,0,22.56,17.39,1,0
219.6,2,0,37.33,17.88,1,0
169.6,0,0,28.83,19.95,0,0
160.4,4,0,27.27,24.98,0,1
95.0,0,0,16.15,14.27,1,0
160.1,2,0,27.22,21.82,0,0
194.6,3,0,33.08,19.79,0,0
236.4,1,1,40.19,24.42,0,0
157.1,2,0,26.71,18.11,0,0
179.8,0,0,30.57,14.72,0,0
148.2,0,0,25.19,13.75,0,1
183.2,1,0,31.14,17.8,1,0
119.2,4,1,20.26,14.31,0,0
224.0,0,0,38.08,16.32,1,0
19.5,0,0,3.32,11.98,1,0
184.8,1,0,31.42,21.13,0,0
176.3,1,0,29.97,17.09,0,0
241.7,2,0,41.09,14.32,0,0
224.7,0,0,38.2,24.99,1,0
207.3,1,0,35.24,16.86,0,0
196.8,2,0,33.46,14.28,0,0
110.9,1,0,18.85,9.83,0,0
122.5,2,0,20.83,23.23,0,0
226.9,2,0,38.57,17.14,0,0
187.0,2,0,31.79,12.02,0,0
170.5,0,0,28.99,16.42,0,0
204.8,0,0,34.82,13.69,0,0
165.9,2,0,28.2,20.05,0,0
154.0,4,1,26.18,16.91,0,0
158.1,1,0,26.88,27.39,1,0
225.2,2,0,38.28,18.28,0,0
159.4,6,1,27.1,15.26,0,0
172.7,2,0,29.36,11.82,0,0
222.8,3,0,37.88,14.94,0,0
214.1,1,0,36.4,20.44,0,1
54.8,1,0,9.32,14.71,0,0
134.0,3,0,22.78,14.83,0,0
184.8,1,0,31.42,14.88,0,0
283.1,3,0,48.13,24.33,1,0
291.8,0,1,49.61,18.22,0,0
222.7,1,0,37.86,8.99,0,0
174.5,0,0,29.67,20.13,0,0
68.4,0,0,11.63,16.43,0,0
273.0,1,0,46.41,18.32,1,0
225.3,1,1,38.3,9.2,0,1
283.2,1,0,48.14,13.82,1,0
131.4,1,1,22.34,18.67,0,1
89.7,1,0,15.25,11.78,1,0
127.1,3,0,21.61,21.05,0,0
105.9,1,0,18.0,19.69,1,0
142.3,2,0,24.19,13.43,0,0
191.3,2,0,32.52,11.77,0,0
201.9,0,0,34.32,13.29,1,0
247.3,3,0,42.04,15.53,0,0
242.2,1,0,41.17,13.57,1,0
127.3,5,1,21.64,18.9,0,1
162.0,1,0,27.54,20.5,0,0
179.1,2,0,30.45,20.26,1,0
197.4,3,0,33.56,10.49,1,0
148.2,2,0,25.19,26.24,0,0
193.1,0,0,32.83,14.63,0,0
171.7,1,0,29.19,14.86,0,0
198.5,1,0,33.75,23.0,1,0
121.7,1,0,20.69,15.64,1,0
130.2,2,0,22.13,23.63,0,0
203.4,2,0,34.58,14.33,0,0
174.7,5,0,29.7,23.87,0,0
241.0,1,1,40.97,19.7,0,1
141.7,0,0,24.09,18.79,0,0
134.8,2,0,22.92,14.21,0,0
163.1,1,0,27.73,21.2,0,0
145.5,1,0,24.74,19.41,0,0
329.8,0,1,56.07,17.71,0,0
194.5,2,0,33.07,15.84,0,0
131.9,1,0,22.42,23.18,0,0
150.0,1,0,25.5,13.55,1,0
196.6,2,0,33.42,20.52,1,0
99.7,2,0,16.95,12.33,0,0
143.6,3,0,24.41,12.05,0,0
231.9,2,0,39.42,18.0,1,0
37.8,3,0,6.43,13.2,0,0
72.8,3,0,12.38,15.84,0,0
94.8,1,0,16.12,18.62,1,0
221.8,1,0,37.71,17.9,1,0
269.0,2,1,45.73,19.86,0,0
268.3,1,1,45.61,15.77,0,0
198.7,1,0,33.78,21.17,1,0
115.5,7,1,19.64,18.54,0,0
202.1,2,0,34.36,16.63,0,0
215.6,1,0,36.65,17.05,0,0
169.9,1,0,28.88,17.8,0,0
201.7,0,0,34.29,14.4,0,0
221.1,4,0,37.59,13.62,0,0
218.7,2,0,37.18,9.78,1,0
293.7,2,1,49.93,23.16,0,0
120.3,4,1,20.45,20.43,0,0
175.8,2,0,29.89,17.56,1,0
278.5,1,1,47.35,20.46,0,0
236.3,3,0,40.17,16.22,1,0
273.8,1,0,46.55,10.17,0,0
131.1,5,1,22.29,13.64,0,0
167.4,4,0,28.46,21.98,1,0
197.7,3,0,33.61,21.29,0,0
169.5,2,0,28.82,19.63,0,0
225.2,0,0,38.28,14.74,1,1
174.5,4,0,29.67,18.16,0,0
129.7,5,1,22.05,15.09,0,0
200.0,3,0,34.0,9.17,0,0
95.9,0,0,16.3,22.24,1,0
152.8,1,0,25.98,20.64,1,0
129.9,1,0,22.08,17.74,0,0
268.4,2,1,45.63,12.8,0,1
188.5,2,0,32.05,12.61,0,0
170.6,1,0,29.0,13.78,0,0
191.4,1,0,32.54,17.06,0,0
75.3,1,0,12.8,15.29,0,0
149.8,2,0,25.47,23.49,0,0
115.9,1,0,19.7,9.46,0,0
128.8,2,0,21.9,17.33,0,0
131.7,1,0,22.39,18.4,0,0
101.4,1,0,17.24,13.52,0,0
149.0,4,0,25.33,20.04,1,0
96.8,2,0,16.46,14.5,1,0
107.5,2,0,18.28,21.79,0,0
232.8,0,1,39.58,25.79,0,0
121.1,3,0,20.59,22.12,1,0
124.3,0,0,21.13,23.01,0,0
157.7,1,0,26.81,25.38,0,0
124.3,0,0,21.13,17.6,0,0
286.4,1,1,48.69,17.48,0,0
141.7,0,0,24.09,17.48,0,0
173.0,0,0,29.41,20.89,1,0
268.7,2,1,45.68,25.59,0,0
218.5,0,0,37.15,11.41,1,0
255.3,3,0,43.4,16.54,0,0
41.9,1,0,7.12,17.94,0,0
260.8,1,0,44.34,21.94,0,0
239.4,0,0,40.7,22.05,1,0
226.7,0,0,38.54,14.31,0,0
179.3,1,1,30.48,17.76,0,0
158.0,1,0,26.86,16.75,0,0
175.7,1,0,29.87,22.01,1,0
157.4,3,0,26.76,14.26,0,0
113.1,1,1,19.23,14.35,0,0
182.7,1,0,31.06,20.95,0,0
161.3,0,1,27.42,10.57,0,1
142.5,2,0,24.23,17.71,0,0
190.5,2,1,32.39,22.07,0,1
159.3,1,0,27.08,14.5,1,1
153.8,1,0,26.15,10.48,1,1
180.7,2,0,30.72,14.84,0,1
202.7,0,0,34.46,19.12,0,0
190.8,0,0,32.44,22.21,1,0
205.1,2,0,34.87,19.78,0,0
235.6,1,0,40.05,20.13,1,0
189.3,0,0,32.18,13.25,0,0
166.9,1,0,28.37,23.22,1,0
245.2,0,1,41.68,21.6,0,0
132.6,4,1,22.54,18.79,0,0
182.3,2,0,30.99,11.88,0,0
192.3,2,0,32.69,7.54,1,0
122.0,2,1,20.74,18.72,0,1
193.0,2,0,32.81,21.25,0,0
158.6,0,0,26.96,18.7,0,0
91.5,2,0,15.56,18.69,1,0
153.6,1,0,26.11,17.47,0,0
221.6,1,0,37.67,13.35,1,1
244.7,1,0,41.6,14.28,0,0
239.8,0,0,40.77,24.3,1,0
172.4,0,0,29.31,19.59,0,0
242.5,3,1,41.23,20.86,0,0
117.6,2,0,19.99,13.53,1,0
174.5,1,0,29.67,22.04,0,0
157.3,1,0,26.74,18.78,0,0
192.0,1,0,32.64,20.32,1,0
218.2,1,0,37.09,14.39,0,0
144.6,1,0,24.58,11.9,1,0
153.6,0,1,26.11,19.8,0,1
135.8,2,0,23.09,18.91,1,0
160.7,0,0,27.32,12.48,0,0
202.5,1,0,34.43,20.52,1,0
152.2,1,0,25.87,19.3,1,0
227.4,0,0,38.66,6.22,0,0
191.6,2,0,32.57,17.48,0,0
138.9,1,0,23.61,17.99,0,0
127.0,0,0,21.59,17.59,0,0
168.6,1,0,28.66,22.03,0,0
286.6,1,1,48.72,18.97,0,0
164.6,1,0,27.98,22.34,1,0
144.0,1,0,24.48,11.54,0,0
141.6,0,0,24.07,17.67,1,0
204.3,1,0,34.73,21.02,0,0
163.2,1,0,27.74,14.25,0,0
225.0,0,0,38.25,20.76,0,0
176.1,2,0,29.94,16.97,0,0
254.2,5,0,43.21,19.39,1,0
174.9,1,0,29.73,22.27,0,0
187.3,0,1,31.84,13.66,0,1
211.8,3,0,36.01,19.63,0,0
241.9,0,0,41.12,10.79,0,0
196.1,3,0,33.34,16.97,0,0
231.3,3,0,39.32,17.88,0,0
161.6,1,0,27.47,16.69,0,0
194.0,0,0,32.98,20.49,0,0
109.7,3,0,18.65,19.02,0,0
277.0,1,0,47.09,20.26,0,1
192.1,0,0,32.66,13.91,0,0
198.4,0,0,33.73,18.44,0,0
209.2,0,0,35.56,13.57,1,0
184.8,2,0,31.42,18.39,0,0
167.8,2,0,28.53,12.07,0,0
139.2,3,0,23.66,16.27,0,0
221.3,0,0,37.62,14.25,1,0
121.6,1,0,20.67,14.05,0,0
270.4,1,0,45.97,20.83,1,0
139.6,2,0,23.73,20.48,0,0
253.0,2,0,43.01,11.81,1,0
183.9,1,0,31.26,20.46,1,0
203.3,3,0,34.56,22.09,0,0
200.6,3,0,34.1,12.96,0,0
167.6,2,0,28.49,14.96,0,0
156.5,2,0,26.61,17.37,0,0
215.1,1,0,36.57,16.78,1,0
301.7,1,0,51.29,14.2,0,0
152.3,7,0,25.89,22.74,1,0
195.4,1,0,33.22,18.03,0,0
208.7,2,0,35.48,23.42,0,0
190.1,0,0,32.32,18.97,1,0
185.4,4,0,31.52,15.17,1,0
183.2,0,0,31.14,21.49,1,0
54.2,1,1,9.21,25.77,0,1
208.0,1,0,35.36,15.73,1,0
230.3,1,0,39.15,6.62,0,0
240.8,2,0,40.94,6.45,1,0
195.7,2,0,33.27,9.03,1,0
276.1,0,1,46.94,17.09,0,0
166.1,2,0,28.24,14.95,0,0
135.9,4,1,23.1,20.78,1,0
189.1,2,1,32.15,18.97,0,1
177.9,1,0,30.24,14.88,1,0
143.9,2,0,24.46,17.88,1,0
148.2,2,0,25.19,13.57,0,1
287.1,2,1,48.81,13.54,0,0
179.7,1,1,30.55,18.54,1,0
165.8,5,1,28.19,16.15,0,0
144.1,1,0,24.5,14.25,1,0
172.5,0,0,29.33,21.51,0,0
199.8,1,0,33.97,14.2,0,0
109.1,2,0,18.55,12.1,0,0
171.8,1,0,29.21,25.64,0,0
222.3,1,1,37.79,24.31,0,0
245.8,0,0,41.79,22.5,0,0
164.6,0,0,27.98,23.0,0,0
211.7,0,0,35.99,23.09,0,0
147.2,0,1,25.02,13.61,1,1
254.7,0,1,43.3,21.44,0,1
170.1,1,0,28.92,23.1,0,1
195.1,0,0,33.17,22.23,0,0
149.3,7,1,25.38,15.9,0,0
81.9,2,1,13.92,21.57,0,0
191.1,0,0,32.49,12.72,1,1
206.9,3,0,35.17,19.07,0,0
239.0,1,1,40.63,23.21,0,0
179.3,0,0,30.48,21.48,0,0
185.3,0,0,31.5,18.62,0,0
141.4,2,0,24.04,10.53,0,1
248.6,1,0,42.26,10.14,1,0
152.5,2,0,25.93,21.45,0,0
145.6,1,0,24.75,19.63,0,0
164.2,1,0,27.91,16.68,0,0
221.0,1,0,37.57,14.06,0,1
295.4,1,1,50.22,19.73,0,0
139.8,2,0,23.77,14.87,0,0
162.3,4,1,27.59,12.67,0,0
272.7,0,1,46.36,20.09,0,0
200.3,2,0,34.05,19.26,1,1
157.1,1,0,26.71,14.65,1,0
135.8,2,0,23.09,17.05,1,1
236.7,1,0,40.24,19.71,0,0
111.4,3,0,18.94,14.88,0,0
156.1,0,1,26.54,9.1,1,1
191.1,2,0,32.49,24.04,0,0
153.0,1,1,26.01,11.99,0,0
218.8,4,0,37.2,20.64,0,0
205.4,3,0,34.92,11.47,0,0
225.2,0,1,38.28,15.72,0,1
249.9,2,1,42.48,21.63,0,0
131.6,3,0,22.37,11.65,0,0
197.9,0,0,33.64,14.08,1,0
166.5,1,0,28.31,17.87,0,0
225.4,1,0,38.32,15.9,1,0
275.8,2,1,46.89,16.11,0,0
142.9,1,0,24.29,7.53,1,0
207.2,1,0,35.22,21.76,0,0
206.2,1,0,35.05,17.95,0,0
210.3,1,0,35.75,16.64,0,0
225.7,1,1,38.37,10.17,1,1
167.8,4,1,28.53,17.45,1,0
197.7,2,0,33.61,12.94,0,0
169.8,1,0,28.87,5.54,1,0
190.6,2,0,32.4,20.17,1,0
80.3,2,0,13.65,13.03,1,0
231.7,0,0,39.39,19.13,1,0
69.1,0,0,11.75,19.58,0,0
188.8,4,0,32.1,18.48,0,0
150.6,8,1,25.6,14.37,0,0
192.0,2,0,32.64,11.86,0,0
163.7,3,0,27.83,9.62,1,0
211.7,1,0,35.99,16.89,0,0
175.5,1,0,29.84,11.25,0,0
150.1,2,0,25.52,17.01,0,0
189.5,1,0,32.22,14.99,0,0
70.8,6,1,12.04,18.33,0,0
215.5,1,0,36.64,16.21,0,0
101.7,3,0,17.29,17.24,0,0
258.4,4,0,43.93,10.78,0,0
242.4,1,0,41.21,13.0,0,0
131.8,1,0,22.41,24.17,0,0
190.2,2,0,32.33,16.8,0,0
154.1,2,0,26.2,17.36,0,0
188.0,3,0,31.96,7.69,0,0
103.1,1,0,17.53,23.38,0,0
175.4,0,0,29.82,13.56,0,0
145.4,1,0,24.72,17.77,0,0
250.6,1,0,42.6,15.97,0,1
161.5,1,0,27.46,18.21,0,0
260.1,1,1,44.22,21.8,0,0
281.3,0,1,47.82,25.63,0,0
130.1,3,1,22.12,14.2,1,1
102.0,2,0,17.34,9.63,0,0
218.7,1,0,37.18,13.18,1,0
128.5,1,0,21.85,16.01,1,0
128.7,2,1,21.88,19.3,0,0
172.2,1,0,29.27,13.82,0,0
199.2,1,0,33.86,10.71,0,0
184.5,2,0,31.37,17.04,0,0
168.6,0,0,28.66,14.93,0,0
174.0,1,0,29.58,17.45,1,0
230.4,1,0,39.17,21.88,0,0
198.2,1,0,33.69,17.24,0,0
186.1,0,0,31.64,17.99,0,0
148.5,1,0,25.25,20.66,0,0
157.1,0,0,26.71,22.85,0,0
155.0,4,1,26.35,11.34,0,0
129.3,1,0,21.98,15.0,1,1
188.5,1,0,32.05,15.47,0,0
208.8,0,0,35.5,19.15,0,0
238.0,0,1,40.46,23.67,0,0
211.1,0,0,35.89,17.59,0,0
198.9,3,0,33.81,17.6,1,0
212.8,1,0,36.18,17.35,0,0
137.4,3,0,23.36,10.2,0,0
191.8,2,0,32.61,22.76,1,0
149.0,0,0,25.33,4.18,0,0
117.1,3,0,19.91,21.22,0,0
108.0,3,0,18.36,20.56,0,0
112.8,0,0,19.18,16.95,0,0
175.9,1,0,29.9,16.01,0,0
236.6,1,1,40.22,14.44,0,0
169.4,1,0,28.8,15.72,0,0
129.6,3,0,22.03,20.93,0,0
177.1,1,0,30.11,15.7,0,0
133.3,1,0,22.66,15.65,1,0
167.8,5,0,28.53,18.1,0,0
174.6,1,0,29.68,26.4,1,0
150.3,2,0,25.55,21.75,0,0
283.2,5,0,48.14,20.37,1,0
157.8,5,1,26.83,13.73,1,0
141.2,2,0,24.0,12.67,0,0
230.2,1,0,39.13,16.67,1,0
237.8,2,1,40.43,17.76,0,1
204.0,3,1,34.68,14.32,0,1
221.1,1,0,37.59,15.18,0,0
177.2,4,0,30.12,12.12,0,0
118.0,1,0,20.06,21.09,0,0
163.8,0,0,27.85,21.73,0,0
141.3,3,0,24.02,19.58,1,0
272.5,3,1,46.33,19.22,0,0
118.9,2,0,20.21,19.41,1,0
7.9,0,0,1.34,11.59,0,0
159.5,0,0,27.12,14.21,0,0
150.2,1,0,25.53,15.78,0,0
144.5,2,0,24.57,22.3,1,0
140.7,2,0,23.92,17.93,0,0
169.2,1,0,28.76,18.43,0,0
220.8,2,0,37.54,12.62,0,0
216.3,0,0,36.77,22.64,0,0
169.5,0,0,28.82,13.4,0,0
256.3,1,0,43.57,21.94,1,0
179.7,1,0,30.55,25.48,0,0
266.0,3,0,45.22,11.06,0,0
96.7,2,0,16.44,16.47,0,0
82.7,0,0,14.06,16.54,0,0
168.2,3,0,28.59,13.74,0,0
286.4,1,1,48.69,15.15,0,0
174.3,3,0,29.63,15.86,0,0
190.6,1,0,32.4,13.74,0,1
175.5,4,0,29.84,17.43,0,0
133.4,1,0,22.68,17.39,0,0
204.6,3,0,34.78,11.56,1,0
242.2,3,0,41.17,19.82,0,0
253.1,3,0,43.03,17.86,1,0
130.0,0,0,22.1,15.75,0,0
105.9,0,0,18.0,16.12,0,0
194.2,3,0,33.01,16.47,0,0
183.8,1,0,31.25,10.5,0,0
196.5,2,0,33.41,16.15,0,0
184.5,3,0,31.37,14.62,0,0
261.9,0,0,44.52,12.59,0,0
202.4,3,0,34.41,22.12,0,0
167.4,3,0,28.46,14.68,1,0
167.7,1,0,28.51,20.98,1,0
191.7,1,0,32.59,16.41,1,0
240.2,2,0,40.83,19.58,0,0
189.1,1,0,32.15,15.15,1,0
127.7,1,0,21.71,15.55,0,0
205.2,1,0,34.88,8.46,0,0
153.6,2,0,26.11,18.44,1,0
154.5,2,0,26.27,16.46,0,0
153.7,1,0,26.13,16.49,0,0
171.2,1,0,29.1,15.79,1,1
328.1,1,1,55.78,12.89,0,0
145.9,0,1,24.8,17.7,0,1
201.2,1,0,34.2,23.81,1,0
139.1,5,0,23.65,20.91,0,0
118.9,2,0,20.21,23.66,0,0
217.6,2,1,36.99,23.72,0,0
145.0,1,0,24.65,17.77,0,0
203.5,3,0,34.6,24.62,0,0
240.1,3,0,40.82,15.33,0,0
83.8,1,0,14.25,20.42,0,0
269.8,1,1,45.87,19.45,0,0
126.3,1,0,21.47,17.82,1,0
88.1,2,0,14.98,14.95,1,0
218.5,2,0,37.15,16.72,1,0
236.8,1,0,40.26,22.39,1,0
124.1,3,0,21.1,16.39,0,0
184.2,0,0,31.31,14.24,1,1
222.7,4,0,37.86,23.55,0,0
149.2,1,0,25.36,16.46,0,0
206.5,3,0,35.11,15.32,0,0
159.7,3,0,27.15,14.35,1,0
204.7,2,0,34.8,17.8,1,0
213.2,1,0,36.24,10.26,0,0
269.6,1,0,45.83,14.59,0,1
116.7,2,0,19.84,18.17,0,0
263.4,0,0,44.78,20.02,0,0
140.2,1,0,23.83,18.18,0,0
197.7,1,0,33.61,10.85,0,0
136.2,3,0,23.15,18.78,0,0
88.5,2,0,15.05,15.2,1,0
215.3,0,0,36.6,20.6,0,0
269.2,3,1,45.76,16.47,0,0
203.8,0,0,34.65,22.7,1,0
268.4,0,0,45.63,18.89,1,0
159.1,1,0,27.05,22.93,0,0
114.4,2,0,19.45,10.85,0,0
138.9,2,0,23.61,17.76,0,0
186.0,1,0,31.62,20.18,0,0
170.4,0,0,28.97,21.63,1,0
164.5,4,0,27.97,19.63,0,0
168.6,1,0,28.66,14.33,0,0
261.2,0,1,44.4,21.32,0,0
190.5,1,0,32.39,15.16,0,0
181.1,2,0,30.79,26.72,0,0
177.1,3,0,30.11,9.75,0,0
160.5,1,0,27.29,20.44,0,0
134.7,2,0,22.9,25.1,0,0
198.2,2,0,33.69,11.82,1,0
228.9,4,1,38.91,21.73,0,1
241.7,0,0,41.09,11.54,0,0
131.1,1,0,22.29,14.98,0,0
234.1,2,0,39.8,17.02,0,0
200.1,0,0,34.02,25.58,0,0
154.0,1,0,26.18,8.02,0,0
224.2,0,0,38.11,16.12,1,0
148.3,3,0,25.21,15.44,0,0
174.6,2,0,29.68,15.01,1,0
138.5,1,0,23.55,13.02,0,0
109.0,1,0,18.53,22.59,0,0
162.3,4,0,27.59,18.06,0,0
210.8,2,0,35.84,16.12,0,0
142.4,1,0,24.21,27.09,0,0
223.5,2,0,38.0,19.98,1,0
182.5,2,0,31.03,19.73,0,0
219.6,2,0,37.33,11.99,0,0
193.6,0,0,32.91,20.25,0,0
192.4,0,0,32.71,13.34,0,0
236.2,0,0,40.15,16.1,0,0
233.2,0,0,39.64,9.63,1,0
158.8,2,0,27.0,16.02,0,0
126.1,1,0,21.44,23.35,0,0
290.4,3,1,49.37,21.58,0,0
60.6,0,0,10.3,14.1,1,0
148.4,0,0,25.23,16.47,0,0
246.5,2,0,41.91,18.39,0,0
298.1,2,1,50.68,17.11,0,0
119.3,2,0,20.28,15.73,0,0
242.5,0,0,41.23,19.8,0,0
222.1,0,1,37.76,13.65,1,1
236.2,2,1,40.15,23.28,0,0
144.2,0,0,24.51,18.04,0,0
154.6,3,0,26.28,20.54,1,0
137.4,2,0,23.36,15.02,1,0
103.7,0,0,17.63,10.8,0,0
136.6,4,1,23.22,17.8,0,0
289.8,2,1,49.27,21.73,0,0
260.9,3,0,44.35,14.32,0,0
196.2,0,1,33.35,15.0,0,1
195.6,1,0,33.25,10.74,0,0
222.2,4,0,37.77,13.81,0,0
172.9,0,1,29.39,15.56,0,1
249.8,0,1,42.47,20.6,0,0
154.5,1,0,26.27,18.38,0,0
90.4,1,0,15.37,23.48,0,0
268.8,0,0,45.7,20.96,1,0
106.1,1,0,18.04,13.4,0,0
27.0,3,0,4.59,13.68,0,0
140.1,1,0,23.82,18.99,1,0
245.0,1,0,41.65,15.33,0,0
196.7,3,0,33.44,17.5,0,0
131.2,2,0,22.3,9.05,1,0
149.6,2,0,25.43,20.38,1,0
239.8,1,0,40.77,21.4,0,0
142.1,1,0,24.16,16.41,1,0
115.4,3,0,19.62,15.19,0,0
193.0,2,0,32.81,19.11,1,0
206.1,1,0,35.04,19.09,0,0
160.3,0,0,27.25,18.81,0,0
199.9,1,0,33.98,24.51,0,0
213.1,0,0,36.23,17.53,0,0
178.3,3,0,30.31,19.98,0,0
252.3,3,1,42.89,17.6,0,1
197.7,4,0,33.61,11.62,0,0
111.1,2,0,18.89,18.52,1,0
96.5,1,1,16.41,17.87,0,0
156.9,3,0,26.67,10.39,0,0
123.3,1,0,20.96,14.45,0,0
193.7,1,0,32.93,15.57,0,0
206.9,0,0,35.17,14.25,0,1
249.8,3,1,42.47,22.26,0,0
144.0,1,0,24.48,19.1,0,0
299.5,0,0,50.92,13.89,1,0
226.0,2,1,38.42,25.89,0,0
137.6,2,0,23.39,12.2,0,0
211.7,1,0,35.99,11.83,1,1
89.7,2,0,15.25,15.28,0,0
197.6,2,0,33.59,20.95,0,1
270.0,2,1,45.9,21.81,0,0
224.7,3,0,38.2,16.32,0,0
194.3,2,0,33.03,10.51,0,0
47.7,0,1,8.11,22.47,0,1
190.1,1,0,32.32,15.49,0,0
89.5,1,1,15.22,28.89,0,1
182.6,0,0,31.04,13.13,0,0
205.5,1,0,34.94,25.37,1,0
231.5,1,0,39.36,22.69,0,0
251.3,3,1,42.72,21.46,0,1
171.2,2,0,29.1,20.7,0,0
197.9,2,0,33.64,21.34,0,0
134.8,1,0,22.92,17.35,0,0
191.4,1,0,32.54,14.32,0,0
174.5,0,0,29.67,16.78,0,0
177.4,0,0,30.16,19.23,0,0
182.1,1,0,30.96,17.98,0,0
222.4,0,0,37.81,14.06,0,0
47.8,0,1,8.13,15.21,0,1
121.8,1,0,20.71,7.59,0,0
143.5,3,0,24.4,16.09,0,0
164.9,2,0,28.03,17.88,0,0
193.6,2,0,32.91,12.64,0,0
101.1,0,0,17.19,22.37,0,0
92.3,2,0,15.69,16.41,1,0
168.9,2,0,28.71,10.53,0,0
219.2,1,0,37.26,17.51,1,0
178.1,0,0,30.28,20.64,1,0
146.5,3,0,24.91,24.18,0,0
172.3,1,0,29.29,22.63,1,0
190.9,1,0,32.45,12.72,0,0
232.1,3,1,39.46,27.8,0,0
169.2,4,1,28.76,14.73,0,0
123.8,2,0,21.05,27.12,0,0
96.0,3,0,16.32,15.05,0,0
93.4,1,0,15.88,21.42,1,0
90.6,1,0,15.4,14.5,0,0
152.9,2,0,25.99,21.81,0,0
257.9,2,0,43.84,17.99,0,0
85.2,2,0,14.48,19.58,1,1
160.0,1,0,27.2,15.68,1,0
182.9,0,0,31.09,24.85,1,0
216.2,2,0,36.75,18.89,0,0
261.7,0,0,44.49,15.45,0,0
241.2,2,0,41.0,14.82,0,0
177.2,1,0,30.12,10.5,0,0
89.5,2,0,15.22,15.37,0,0
200.3,1,0,34.05,16.81,1,1
145.0,4,1,24.65,25.02,0,1
159.5,2,0,27.12,10.17,0,0
151.8,3,0,25.81,11.73,0,0
176.2,1,0,29.95,20.06,0,0
152.1,0,0,25.86,10.29,0,0
161.3,1,0,27.42,18.75,0,0
171.7,3,0,29.19,12.28,0,1
278.9,0,1,47.41,16.17,0,0
213.0,4,0,36.21,19.23,1,0
242.9,1,0,41.29,14.53,1,0
217.2,0,1,36.92,25.79,0,0
175.9,1,0,29.9,24.24,0,0
303.2,0,1,51.54,14.49,0,0
238.9,2,0,40.61,15.91,0,0
189.6,2,0,32.23,15.22,1,0
133.3,5,1,22.66,21.06,0,0
92.7,3,0,15.76,10.86,1,0
177.2,3,0,30.12,21.16,0,0
184.5,2,0,31.37,17.77,0,0
176.1,0,0,29.94,13.55,1,0
204.7,6,0,34.8,12.16,0,0
143.6,2,0,24.41,11.42,0,0
179.3,1,0,30.48,16.05,0,0
137.3,1,0,23.34,18.04,0,0
237.8,2,0,40.43,19.0,0,0
203.7,2,0,34.63,18.39,0,0
191.3,2,0,32.52,21.31,1,0
209.1,2,0,35.55,17.43,0,1
88.8,3,0,15.1,9.32,1,0
97.2,0,0,16.52,13.23,0,0
137.9,1,0,23.44,16.37,0,0
224.3,2,0,38.13,15.78,0,0
207.6,1,0,35.29,12.98,1,0
268.1,2,0,45.58,10.24,0,0
166.7,4,1,28.34,15.24,0,0
267.1,1,1,45.41,15.33,0,0
181.8,2,0,30.91,16.88,0,0
147.1,0,0,25.01,16.97,0,0
37.7,1,0,6.41,12.25,1,0
185.0,2,0,31.45,19.12,0,0
156.4,2,0,26.59,14.54,0,0
239.3,1,0,40.68,16.63,0,0
215.5,2,0,36.64,13.76,1,0
134.9,1,0,22.93,17.98,0,0
194.8,0,0,33.12,17.84,0,0
239.1,5,0,40.65,17.77,1,0
92.6,3,0,15.74,15.1,0,0
209.4,1,0,35.6,17.98,0,0
197.6,1,0,33.59,13.98,0,0
17.6,1,0,2.99,13.74,0,0
62.9,1,0,10.69,17.25,0,1
202.3,1,0,34.39,5.88,1,0
136.1,0,0,23.14,15.42,0,0
207.0,1,0,35.19,14.23,0,0
207.9,1,0,35.34,19.85,1,0
276.5,1,1,47.01,16.63,0,1
313.8,3,0,53.35,12.55,1,0
288.5,1,0,49.05,17.29,1,1
210.9,4,0,35.85,27.99,0,0
64.9,1,0,11.03,15.65,1,0
243.5,1,0,41.4,20.13,1,0
197.0,3,0,33.49,17.31,0,0
278.0,0,0,47.26,21.52,1,0
219.9,1,0,37.38,18.88,1,0
313.2,2,1,53.24,18.39,0,0
145.7,0,0,24.77,16.24,1,0
75.8,0,0,12.89,14.76,1,0
195.9,3,0,33.3,19.43,0,0
132.0,1,0,22.44,19.65,0,0
124.0,2,0,21.08,22.28,0,0
171.9,2,0,29.22,13.52,0,0
249.4,4,0,42.4,17.81,1,0
228.4,0,0,38.83,12.33,0,1
168.6,3,0,28.66,17.43,0,0
123.7,0,0,21.03,21.12,0,0
178.7,1,0,30.38,21.45,0,0
113.2,1,0,19.24,15.77,0,0
142.4,2,0,24.21,26.66,1,0
204.2,0,0,34.71,17.5,1,0
149.7,3,0,25.45,18.06,0,0
227.1,5,1,38.61,10.24,0,0
155.3,2,0,26.4,14.44,0,0
156.4,1,0,26.59,15.77,0,0
148.7,0,0,25.28,14.22,1,0
271.7,3,0,46.19,13.18,0,0
193.7,0,0,32.93,10.79,0,0
245.5,1,0,41.74,24.88,1,1
245.3,3,1,41.7,22.09,0,0
196.1,0,0,33.34,20.13,0,0
134.1,2,0,22.8,16.58,0,0
225.0,1,0,38.25,16.26,1,1
189.7,0,0,32.25,9.85,0,0
142.9,0,0,24.29,15.12,0,0
175.6,1,0,29.85,20.23,0,0
92.4,2,0,15.71,18.62,0,0
92.8,1,0,15.78,13.57,0,0
221.7,0,0,37.69,20.07,1,0
159.6,0,0,27.13,23.53,0,0
144.5,2,0,24.57,15.34,0,0
159.1,2,0,27.05,17.21,0,0
49.9,2,0,8.48,12.81,0,0
116.9,0,0,19.87,19.75,1,0
150.0,3,0,25.5,7.63,0,0
254.4,1,0,43.25,13.54,0,0
270.7,3,0,46.02,17.06,1,0
207.0,1,0,35.19,14.77,0,0
145.3,0,0,24.7,25.82,0,1
230.7,3,0,39.22,19.87,1,0
151.5,1,0,25.76,20.59,0,0
146.1,0,0,24.84,16.68,0,0
256.0,3,0,43.52,15.93,0,0
200.2,3,0,34.03,20.77,1,0
150.7,2,0,25.62,20.97,0,0
186.0,1,0,31.62,5.61,0,1
212.9,3,0,36.19,15.9,0,0
194.8,0,0,33.12,18.14,0,0
272.5,3,0,46.33,21.51,1,0
135.1,1,0,22.97,17.44,0,0
154.6,1,0,26.28,22.36,0,0
230.5,5,0,39.19,22.59,1,0
165.4,1,0,28.12,17.31,0,0
143.3,4,1,24.36,19.61,0,0
271.1,2,1,46.09,20.15,0,0
253.5,0,0,43.1,10.02,0,0
167.1,6,1,28.41,11.2,0,0
168.3,1,0,28.61,7.45,0,0
104.7,1,0,17.8,21.23,0,0
135.4,1,0,23.02,20.24,0,0
191.4,1,0,32.54,30.75,1,0
158.7,1,0,26.98,16.86,0,0
144.8,2,0,24.62,14.02,0,0
98.8,3,0,16.8,12.49,0,0
157.8,3,1,26.83,17.27,0,1
163.0,1,0,27.71,26.59,1,0
181.6,4,0,30.87,28.53,0,0
129.0,2,0,21.93,15.98,0,0
86.0,1,0,14.62,22.16,0,0
193.9,0,0,32.96,16.13,1,0
109.4,0,0,18.6,20.8,0,0
188.9,2,0,32.11,13.06,0,0
179.9,1,1,30.58,14.45,0,1
183.4,1,0,31.18,23.91,0,0
288.1,0,0,48.98,11.72,0,0
169.2,2,0,28.76,12.74,0,0
195.5,1,1,33.24,14.59,1,1
264.4,2,0,44.95,18.67,1,0
207.7,0,0,35.31,17.9,0,0
169.5,0,0,28.82,9.6,0,0
141.5,2,0,24.06,22.36,0,0
154.8,0,0,26.32,20.74,0,0
133.5,1,0,22.7,18.67,0,1
273.2,2,1,46.44,17.94,0,0
224.6,2,0,38.18,19.2,0,0
273.8,2,1,46.55,24.62,0,0
159.5,1,1,27.12,23.42,0,0
104.0,0,0,17.68,16.75,0,0
115.4,1,0,19.62,18.48,1,0
222.1,2,0,37.76,16.95,0,0
116.4,3,0,19.79,8.13,0,0
217.7,3,0,37.01,19.69,0,0
129.4,0,0,22.0,13.37,0,0
161.8,0,0,27.51,23.21,1,0
198.8,1,0,33.8,20.28,1,0
147.8,1,0,25.13,12.53,1,0
262.3,3,0,44.59,16.91,0,0
246.4,1,0,41.89,13.63,0,0
174.3,4,1,29.63,11.92,0,0
183.4,4,0,31.18,14.35,0,0
191.9,1,0,32.62,17.08,0,0
187.8,2,0,31.93,13.14,0,0
259.7,0,0,44.15,12.98,0,0
180.4,0,0,30.67,16.49,0,1
51.8,2,0,8.81,19.57,0,0
303.9,1,1,51.66,19.74,0,0
123.7,1,1,21.03,14.67,1,0
206.2,3,0,35.05,13.98,0,0
164.3,2,0,27.93,19.86,0,0
228.6,9,1,38.86,11.29,0,0
200.4,1,0,34.07,11.14,1,0
154.3,0,0,26.23,15.56,0,0
122.9,2,0,20.89,19.85,1,0
220.8,0,0,37.54,22.58,0,1
214.6,0,0,36.48,21.39,0,0
202.0,2,1,34.34,15.67,0,1
209.5,6,1,35.62,9.32,1,0
297.9,1,1,50.64,20.24,0,0
212.8,0,1,36.18,16.13,0,0
145.6,0,0,24.75,24.2,0,0
152.9,2,0,25.99,18.12,1,0
125.4,1,0,21.32,22.87,0,0
138.3,0,0,23.51,6.85,1,0
189.3,3,0,32.18,14.87,0,0
199.3,4,0,33.88,16.56,0,0
247.5,2,0,42.08,9.22,0,1
294.9,1,1,50.13,16.39,0,0
175.4,1,0,29.82,13.2,0,0
179.4,1,0,30.5,12.16,0,0
126.8,0,0,21.56,24.96,1,1
239.7,1,1,40.75,23.94,0,1
143.0,5,1,24.31,18.04,1,0
91.9,2,0,15.62,16.86,0,0
210.4,1,0,35.77,15.01,0,0
201.3,1,1,34.22,17.31,1,0
145.6,2,0,24.75,24.47,0,0
203.5,1,1,34.6,17.03,1,1
232.4,1,0,39.51,13.03,0,0
86.5,2,0,14.71,24.24,1,0
109.9,0,0,18.68,18.77,0,0
156.0,1,0,26.52,23.47,0,0
326.3,1,1,55.47,14.03,0,0
195.0,0,0,33.15,16.87,0,0
110.0,0,0,18.7,12.52,0,1
147.1,5,1,25.01,13.69,0,0
156.0,2,0,26.52,21.83,0,0
98.2,2,0,16.69,15.87,0,0
210.6,0,0,35.8,13.01,0,0
239.9,2,1,40.78,22.24,0,0
159.9,2,1,27.18,15.29,0,1
197.8,4,1,33.63,11.38,0,0
115.4,2,0,19.62,14.13,1,0
123.8,0,0,21.05,20.08,0,0
117.6,1,0,19.99,16.69,1,0
105.3,2,0,17.9,16.78,1,0
111.7,1,0,18.99,20.17,0,0
159.3,2,0,27.08,17.2,0,0
81.7,6,1,13.89,17.87,0,0
238.0,2,0,40.46,17.82,1,0
128.1,0,0,21.78,21.05,1,0
171.2,1,0,29.1,16.46,1,0
109.0,4,1,18.53,22.04,0,0
220.0,2,0,37.4,17.65,0,0
55.6,0,0,9.45,20.63,0,0
286.6,1,0,48.72,26.8,1,0
207.6,1,0,35.29,19.47,0,0
109.6,4,1,18.63,21.19,1,0
197.2,2,0,33.52,20.6,0,0
175.7,1,0,29.87,14.33,0,0
205.2,0,0,34.88,15.71,0,0
193.1,1,0,32.83,9.49,1,0
232.6,3,0,39.54,13.02,1,0
102.7,0,0,17.46,12.69,0,0
263.1,5,0,44.73,23.74,1,0
197.0,1,0,33.49,17.09,0,0
169.3,2,0,28.78,13.26,0,0
201.5,1,0,34.26,10.98,0,0
251.0,3,0,42.67,7.75,0,0
230.4,3,0,39.17,19.13,0,0
109.8,1,0,18.67,19.59,0,0
279.5,2,1,47.52,17.27,0,0
173.4,1,0,29.48,18.87,0,0
214.4,1,0,36.45,17.99,1,0
96.1,1,0,16.34,20.98,0,0
101.4,1,0,17.24,21.17,0,0
232.5,4,0,39.53,15.45,0,0
174.5,1,0,29.67,18.49,1,0
224.0,1,0,38.08,19.85,1,0
211.1,4,0,35.89,15.02,0,0
109.2,2,0,18.56,13.01,0,0
220.0,0,0,37.4,15.29,0,0
181.4,2,0,30.84,13.98,0,0
180.7,2,0,30.72,14.76,1,0
96.5,1,0,16.41,12.39,1,0
183.5,3,0,31.2,14.49,0,0
107.9,0,0,18.34,11.93,1,0
161.0,1,0,27.37,20.82,0,1
146.8,1,1,24.96,24.28,1,1
149.2,3,0,25.36,13.76,0,0
227.8,3,0,38.73,14.41,0,0
160.3,0,0,27.25,17.2,1,0
137.8,1,1,23.43,19.19,0,0
141.7,0,0,24.09,22.81,1,0
196.4,0,0,33.39,12.78,1,0
175.2,1,0,29.78,12.89,0,0
146.8,1,0,24.96,14.59,0,0
173.9,1,0,29.56,24.43,0,0
305.2,1,0,51.88,13.3,1,0
162.3,3,1,27.59,23.74,1,1
150.0,3,0,25.5,24.97,0,1
197.5,1,0,33.58,17.59,0,0
240.2,2,0,40.83,13.01,0,0
186.2,2,0,31.65,24.37,1,0
116.9,0,0,19.87,23.5,1,0
236.7,1,0,40.24,22.4,1,0
173.2,0,0,29.44,11.15,0,0
152.2,0,0,25.87,11.66,0,0
181.3,0,0,30.82,15.5,0,0
167.8,4,1,28.53,17.94,0,0
175.4,1,0,29.82,21.31,0,0
87.6,2,0,14.89,22.69,0,0
203.3,0,0,34.56,12.06,0,0
92.6,5,1,15.74,13.76,0,0
262.9,1,0,44.69,12.71,1,0
160.8,1,0,27.34,13.24,0,0
141.8,1,0,24.11,14.22,1,0
50.6,2,0,8.6,17.12,1,0
134.9,1,0,22.93,13.26,0,0
252.1,1,0,42.86,19.22,0,0
215.5,1,0,36.64,20.55,1,0
124.8,0,0,21.22,21.86,0,0
178.7,2,0,30.38,23.04,0,0
183.2,2,0,31.14,15.23,0,0
167.5,1,0,28.48,11.82,0,0
147.1,3,0,25.01,17.0,0,0
230.1,1,0,39.12,18.02,0,0
135.8,0,0,23.09,13.87,0,0
205.7,2,0,34.97,11.57,1,0
73.8,2,0,12.55,12.19,0,0
189.3,2,0,32.18,19.85,0,0
147.2,3,0,25.02,13.76,0,0
137.3,0,0,23.34,15.66,1,0
70.7,2,0,12.02,17.94,0,0
204.6,0,0,34.78,17.44,0,0
123.1,5,1,20.93,18.18,0,0
129.7,2,0,22.05,13.67,1,0
198.7,0,0,33.78,17.81,0,1
145.1,2,0,24.67,19.86,0,0
135.2,2,0,22.98,12.96,0,0
124.7,1,0,21.2,21.28,1,0
215.9,1,0,36.7,12.36,0,0
119.2,2,0,20.26,19.41,0,0
144.3,3,0,24.53,13.29,0,0
235.2,1,0,39.98,18.75,0,0
174.0,0,0,29.58,23.89,0,0
115.0,0,1,19.55,10.4,0,1
151.7,2,0,25.79,15.17,0,0
153.1,3,0,26.03,19.9,0,0
218.6,2,0,37.16,12.74,0,0
265.2,2,0,45.08,15.19,0,0
143.3,1,0,24.36,15.34,0,0
190.3,2,0,32.35,21.48,0,0
184.7,2,1,31.4,22.27,0,0
115.3,1,0,19.6,19.1,0,0
113.0,2,1,19.21,14.38,0,0
294.2,0,1,50.01,19.76,0,0
215.6,3,0,36.65,14.26,0,0
128.8,1,0,21.9,17.74,0,0
211.2,3,1,35.9,26.56,1,1
71.2,1,0,12.1,15.44,1,0
94.9,2,0,16.13,21.52,0,0
259.4,1,1,44.1,22.92,0,0
215.8,1,0,36.69,24.24,1,0
97.5,3,0,16.58,22.79,0,0
146.5,0,0,24.91,14.44,0,0
157.9,2,0,26.84,19.89,0,0
139.9,2,0,23.78,19.01,0,0
153.2,1,0,26.04,22.38,1,0
103.5,2,0,17.6,27.14,0,1
185.8,1,0,31.59,16.35,0,0
129.5,1,0,22.02,30.11,0,0
236.6,1,0,40.22,18.78,0,0
260.4,6,0,44.27,17.7,0,0
167.3,2,0,28.44,13.93,0,0
182.2,2,0,30.97,18.05,0,0
113.0,2,0,19.21,12.76,0,0
185.7,0,0,31.57,19.98,0,0
136.2,0,0,23.15,14.03,0,0
222.6,1,0,37.84,16.18,1,0
197.3,1,0,33.54,22.48,0,0
141.4,1,0,24.04,15.84,1,0
208.0,1,0,35.36,8.08,0,0
118.5,1,0,20.15,15.11,0,0
153.2,1,0,26.04,19.52,0,0
108.3,0,0,18.41,15.61,0,0
168.6,2,0,28.66,15.95,0,0
247.2,2,1,42.02,25.81,0,0
224.2,3,0,38.11,20.68,0,1
166.9,3,0,28.37,18.85,0,0
118.4,1,0,20.13,12.25,1,0
190.9,2,0,32.45,19.26,0,0
317.8,1,1,54.03,13.0,0,0
312.0,1,1,53.04,15.3,0,0
146.0,1,0,24.82,17.26,0,0
131.6,1,1,22.37,15.24,0,0
193.4,2,0,32.88,19.69,1,0
185.1,2,0,31.47,18.11,0,0
193.3,0,0,32.86,14.37,0,0
146.4,1,0,24.89,16.7,0,0
71.2,0,0,12.1,25.87,0,0
123.2,4,1,20.94,16.15,0,0
205.0,2,0,34.85,11.98,0,0
128.7,1,0,21.88,20.47,0,0
216.9,3,0,36.87,17.94,0,0
150.0,3,0,25.5,18.57,0,0
164.1,1,0,27.9,17.51,0,0
212.0,3,0,36.04,19.26,0,0
167.3,2,0,28.44,16.55,1,0
154.4,1,0,26.25,18.46,0,0
177.3,3,0,30.14,18.0,1,0
231.2,1,1,39.3,22.76,0,0
202.9,5,0,34.49,15.18,0,0
149.6,0,0,25.43,17.06,0,0
345.3,1,1,58.7,17.29,0,1
264.9,1,1,45.03,23.9,0,0
122.0,1,0,20.74,11.76,0,0
177.2,2,0,30.12,22.98,0,0
133.1,1,0,22.63,17.55,0,0
225.1,0,1,38.27,23.76,0,0
208.4,1,0,35.43,14.82,0,0
173.1,1,0,29.43,21.01,1,0
162.4,2,1,27.61,14.2,0,1
281.2,2,0,47.8,15.15,1,0
208.3,3,0,35.41,14.4,0,0
243.4,2,0,41.38,23.27,1,0
224.2,1,1,38.11,26.77,0,0
189.3,3,0,32.18,20.34,0,0
168.3,4,0,28.61,23.03,1,0
232.9,1,0,39.59,12.93,1,0
155.0,1,0,26.35,12.1,1,0
154.4,0,0,26.25,17.32,0,0
234.7,2,0,39.9,16.63,0,0
240.0,1,0,40.8,11.99,0,0
298.4,0,1,50.73,22.99,0,1
166.0,1,0,28.22,20.07,0,0
111.6,0,0,18.97,18.13,1,0
174.5,2,0,29.67,15.32,0,0
175.5,1,0,29.84,17.9,1,1
157.5,3,1,26.78,16.12,1,1
206.2,1,0,35.05,14.99,0,0
207.5,4,0,35.28,17.09,1,0
144.8,4,0,24.62,17.53,1,0
258.8,2,0,44.0,11.01,0,0
226.9,0,1,38.57,15.49,0,0
152.9,2,0,25.99,14.55,0,0
156.7,2,0,26.64,20.1,1,0
150.8,1,0,25.64,25.15,0,0
221.0,4,0,37.57,17.38,0,0
322.4,1,1,54.81,24.07,1,0
153.6,2,0,26.11,22.28,0,0
215.1,2,0,36.57,11.81,1,0
174.4,1,0,29.65,16.72,1,0
180.5,0,0,30.69,19.55,0,0
123.1,2,0,20.93,15.47,0,0
165.7,1,0,28.17,21.88,0,0
200.2,2,0,34.03,10.09,0,0
154.8,3,0,26.32,24.45,0,0
125.4,2,0,21.32,22.23,0,0
184.2,1,0,31.31,26.57,1,0
274.7,3,0,46.7,16.45,1,0
142.0,1,0,24.14,20.54,1,1
151.5,1,0,25.76,12.56,1,1
124.8,3,0,21.22,11.31,0,0
179.2,0,0,30.46,18.95,0,0
246.4,2,1,41.89,15.47,0,1
232.7,5,0,39.56,15.84,0,0
288.0,0,1,48.96,21.74,0,0
170.8,1,0,29.04,20.12,1,0
216.1,1,0,36.74,16.79,0,0
138.7,2,0,23.58,18.31,0,0
210.7,3,0,35.82,20.29,0,0
181.8,0,0,30.91,13.44,0,0
61.6,1,0,10.47,21.68,1,0
207.7,1,0,35.31,16.72,0,0
219.2,1,0,37.26,14.2,0,0
227.0,2,0,38.59,21.99,0,0
245.9,3,0,41.8,20.41,0,0
257.3,0,0,43.74,15.71,0,0
121.1,2,0,20.59,18.36,0,0
301.5,4,1,51.26,21.9,0,0
233.9,0,0,39.76,18.61,0,0
99.6,2,1,16.93,26.24,0,1
169.8,2,0,28.87,15.56,0,0
198.8,1,1,33.8,14.16,1,1
116.2,3,0,19.75,19.52,0,1
255.9,1,1,43.5,11.98,0,1
187.7,3,0,31.91,18.79,1,0
195.9,0,0,33.3,18.18,1,0
129.4,2,0,22.0,15.76,0,0
221.0,2,0,37.57,12.84,1,0
140.5,2,0,23.89,15.88,0,0
277.9,0,1,47.24,13.24,0,1
224.9,3,1,38.23,21.25,0,0
109.1,0,0,18.55,18.48,0,0
207.8,0,0,35.33,10.5,0,0
205.9,0,0,35.0,21.85,0,0
308.6,4,1,52.46,12.82,0,0
242.6,2,0,41.24,17.77,0,0
229.6,1,0,39.03,11.74,0,0
166.0,2,0,28.22,19.88,1,0
144.8,0,1,24.62,17.05,0,0
106.1,0,0,18.04,10.5,0,1
221.8,1,0,37.71,14.11,0,0
204.6,2,0,34.78,18.06,0,0
213.5,3,0,36.3,14.16,0,0
152.0,2,0,25.84,23.37,1,0
260.8,1,1,44.34,13.91,1,1
166.4,1,0,28.29,26.95,0,0
177.9,0,0,30.24,14.22,0,0
235.1,3,0,39.97,16.73,0,0
186.8,2,0,31.76,14.76,0,0
268.4,1,0,45.63,14.82,0,1
192.1,3,0,32.66,21.23,0,0
240.7,0,1,40.92,22.9,0,0
179.9,2,0,30.58,12.73,0,0
314.1,3,1,53.4,18.9,0,0
162.0,0,0,27.54,27.6,1,0
175.8,1,0,29.89,23.32,0,0
109.4,0,0,18.6,17.64,0,0
255.1,3,1,43.37,19.6,0,0
208.7,3,0,35.48,14.73,0,1
214.6,1,0,36.48,8.21,1,0
49.2,1,0,8.36,12.23,0,0
141.3,2,0,24.02,11.47,0,0
253.2,4,0,43.04,20.22,0,0
206.0,0,0,35.02,16.84,0,0
40.4,2,0,6.87,14.65,0,0
291.2,1,1,49.5,19.91,0,0
71.2,0,0,12.1,10.6,1,0
261.8,0,1,44.51,20.83,0,0
191.3,1,0,32.52,22.23,0,0
133.3,0,0,22.66,21.72,0,0
183.6,2,0,31.21,17.32,1,0
155.2,1,0,26.38,16.62,1,0
283.1,1,0,48.13,15.76,1,0
186.5,2,0,31.71,15.13,1,0
163.3,0,0,27.76,11.56,1,0
203.4,1,0,34.58,15.55,0,0
178.1,1,0,30.28,18.09,1,0
195.9,1,0,33.3,7.57,0,0
295.3,1,0,50.2,10.83,0,0
136.1,2,0,23.14,13.29,0,0
114.1,2,0,19.4,13.73,1,0
279.1,2,1,47.45,15.34,0,0
169.3,0,0,28.78,11.86,0,0
214.4,2,0,36.45,11.73,0,0
255.8,0,0,43.49,12.13,0,1
148.2,2,0,25.19,24.23,0,0
119.3,2,0,20.28,19.03,0,0
192.3,1,0,32.69,16.99,1,0
245.2,0,1,41.68,18.46,0,0
216.2,5,1,36.75,30.91,0,1
172.4,2,0,29.31,21.81,0,0
175.3,1,0,29.8,13.03,1,1
169.0,0,1,28.73,16.05,1,1
2.6,3,0,0.44,21.59,1,0
184.1,1,0,31.3,17.99,0,0
181.9,1,0,30.92,12.88,0,0
160.1,0,0,27.22,17.85,1,0
189.8,0,0,32.27,14.76,0,0
223.2,1,0,37.94,18.4,0,0
216.0,2,0,36.72,19.13,1,0
198.5,2,0,33.75,22.66,0,0
159.5,1,0,27.12,16.61,0,0
105.0,2,1,17.85,15.35,1,0
204.5,3,0,34.77,13.8,0,0
274.0,0,1,46.58,19.7,0,0
158.7,2,0,26.98,15.44,0,0
229.9,1,0,39.08,17.2,0,0
137.8,1,0,23.43,15.95,0,0
179.4,0,0,30.5,22.98,0,0
139.3,3,0,23.68,15.16,1,0
7.8,2,0,1.33,14.57,0,0
183.1,1,0,31.13,12.53,1,0
206.9,0,0,35.17,22.3,0,0
140.0,2,0,23.8,13.06,0,0
179.2,2,0,30.46,24.08,0,0
177.4,0,0,30.16,20.43,0,0
115.6,1,0,19.65,14.26,0,0
237.3,0,1,40.34,15.02,0,1
181.5,1,0,30.86,15.9,0,0
51.5,3,0,8.76,13.94,0,0
155.7,3,0,26.47,15.76,1,0
245.0,2,0,41.65,22.53,1,0
131.7,1,0,22.39,13.86,0,0
111.1,1,0,18.89,26.64,0,1
88.5,3,0,15.05,27.61,1,0
116.0,1,0,19.72,12.76,1,0
155.5,1,0,26.44,11.31,0,0
106.5,2,0,18.11,19.18,1,0
175.2,1,0,29.78,16.93,1,0
154.7,4,1,26.3,15.11,0,0
247.2,2,1,42.02,19.17,1,0
218.4,0,1,37.13,20.12,1,1
227.5,1,0,38.68,19.97,1,0
185.0,0,0,31.45,21.21,1,0
186.8,2,0,31.76,21.54,0,0
158.8,1,0,27.0,18.0,0,0
208.7,0,0,35.48,18.09,0,0
185.9,3,0,31.6,18.02,0,0
222.5,2,0,37.83,14.42,0,0
201.1,3,0,34.19,14.51,0,0
167.9,1,0,28.54,20.71,1,0
239.1,3,1,40.65,20.7,0,0
175.7,5,1,29.87,18.0,0,0
111.2,6,1,18.9,22.4,1,0
87.7,1,0,14.91,18.26,0,0
244.1,0,0,41.5,20.99,0,0
165.0,2,0,28.05,10.82,1,0
127.4,0,0,21.66,8.78,1,0
194.8,0,0,33.12,24.88,0,0
54.7,1,0,9.3,21.77,0,0
283.4,2,0,48.18,19.05,1,0
258.0,0,1,43.86,20.95,0,1
90.5,1,0,15.39,17.99,0,0
235.6,0,0,40.05,9.85,0,0
142.5,2,0,24.23,19.67,0,0
54.0,1,0,9.18,15.24,0,0
214.8,3,0,36.52,11.14,0,0
251.4,0,1,42.74,16.71,0,1
139.0,4,0,23.63,21.31,0,0
117.3,2,0,19.94,17.74,0,0
264.0,3,0,44.88,11.24,0,0
82.6,1,0,14.04,17.34,0,0
175.8,1,0,29.89,21.56,1,1
220.4,2,0,37.47,17.95,0,0
217.0,2,0,36.89,12.95,0,0
129.0,1,0,21.93,24.65,1,0
150.5,1,0,25.59,13.0,0,0
193.3,0,0,32.86,22.38,1,0
189.5,2,0,32.22,8.82,0,0
137.8,2,0,23.43,20.02,1,0
129.3,3,0,21.98,12.13,0,0
115.6,1,0,19.65,18.16,0,0
221.9,2,0,37.72,21.65,1,0
263.7,1,1,44.83,15.85,0,0
61.3,1,0,10.42,16.52,0,0
183.8,1,0,31.25,14.0,0,1
167.4,0,1,28.46,12.22,0,0
154.1,4,0,26.2,16.6,1,0
252.0,0,0,42.84,14.47,0,0
163.1,0,0,27.73,24.79,0,1
198.3,2,0,33.71,15.9,0,0
324.7,0,1,55.2,20.09,0,0
128.3,2,0,21.81,18.3,0,0
187.9,2,0,31.94,17.04,0,0
129.2,5,1,21.96,18.2,0,0
125.5,4,1,21.34,10.96,0,1
257.2,1,0,43.72,19.07,1,0
124.6,1,0,21.18,12.44,0,0
175.1,1,0,29.77,18.44,0,0
124.3,3,0,21.13,14.74,0,0
271.6,2,0,46.17,13.26,0,0
219.9,1,0,37.38,12.18,0,0
183.3,3,0,31.16,17.12,1,0
101.1,2,0,17.19,18.22,0,0
203.3,1,0,34.56,19.46,0,0
175.4,2,0,29.82,16.15,1,0
266.0,2,1,45.22,18.24,0,0
171.6,0,0,29.17,11.57,1,0
78.7,0,0,13.38,19.18,0,0
211.9,0,0,36.02,18.28,1,0
63.7,1,0,10.83,16.64,0,0
173.4,1,0,29.48,18.16,0,0
237.7,0,0,40.41,17.6,0,1
225.9,1,0,38.4,13.84,0,0
173.0,0,0,29.41,17.8,1,1
224.9,0,0,38.23,12.22,0,0
237.7,1,0,40.41,15.43,0,0
137.0,2,0,23.29,18.45,0,0
142.5,2,0,24.23,14.97,0,0
142.4,1,0,24.21,10.73,0,0
147.0,2,0,24.99,16.77,1,0
220.3,1,0,37.45,16.03,0,0
149.2,1,0,25.36,22.16,0,0
204.4,0,0,34.75,11.69,0,0
216.8,1,0,36.86,17.62,0,0
308.0,1,0,52.36,21.06,1,0
58.0,0,0,9.86,5.74,0,0
173.2,2,0,29.44,20.08,0,0
210.3,4,0,35.75,20.55,1,0
58.9,0,0,10.01,25.97,1,0
236.8,3,0,40.26,14.2,0,0
228.9,0,0,38.91,13.66,0,0
90.0,2,1,15.3,23.49,1,0
146.7,2,0,24.94,9.03,0,0
237.3,1,0,40.34,13.09,0,0
162.8,0,1,27.68,19.52,0,1
186.9,1,0,31.77,21.79,1,0
86.1,2,0,14.64,22.08,0,0
212.3,2,0,36.09,18.31,0,0
151.0,2,0,25.67,10.25,0,0
158.6,2,0,26.96,11.08,0,0
296.0,0,1,50.32,19.24,0,0
212.3,3,0,36.09,21.38,1,0
234.4,3,0,39.85,15.24,0,0
176.8,2,0,30.06,15.94,0,0
157.3,0,0,26.74,21.9,1,0
146.6,1,0,24.92,14.69,1,0
260.5,1,0,44.29,8.7,0,0
146.1,1,0,24.84,23.58,1,0
124.5,2,1,21.17,12.0,0,1
209.4,1,0,35.6,20.18,0,0
285.7,1,1,48.57,14.24,0,0
190.9,1,0,32.45,13.72,0,0
144.4,1,0,24.55,22.49,0,0
208.8,2,0,35.5,11.3,1,0
77.6,1,0,13.19,17.6,1,0
271.1,1,1,46.09,20.18,0,0
240.8,0,0,40.94,12.28,0,0
114.8,0,0,19.52,16.37,0,0
138.8,1,0,23.6,12.07,1,0
209.8,0,0,35.67,13.18,1,0
134.9,3,0,22.93,21.11,0,0
164.0,0,0,27.88,13.01,0,1
245.5,1,0,41.74,16.38,0,0
80.3,0,0,13.65,16.99,1,0
90.7,2,0,15.42,17.64,0,0
190.3,1,0,32.35,21.81,1,0
108.6,1,1,18.46,17.84,0,0
89.8,4,1,15.27,19.82,1,0
252.4,2,0,42.91,15.96,1,0
183.4,5,0,31.18,22.87,1,0
183.4,2,0,31.18,12.06,0,1
155.2,3,0,26.38,11.55,0,0
165.8,1,0,28.19,15.89,1,0
209.4,0,0,35.6,23.27,0,0
279.3,2,1,47.48,17.14,0,0
174.1,2,0,29.6,8.42,0,0
175.7,2,0,29.87,15.69,0,0
256.5,1,0,43.61,18.88,0,1
170.2,0,0,28.93,15.94,0,0
139.6,1,0,23.73,21.27,0,0
208.8,4,0,35.5,12.08,1,0
210.1,4,0,35.72,21.16,0,0
113.6,2,0,19.31,13.48,0,0
202.6,0,0,34.44,13.86,0,0
174.4,4,0,29.65,22.59,0,0
210.6,0,0,35.8,13.96,0,0
121.5,1,0,20.66,21.51,0,0
127.8,2,0,21.73,15.44,0,0
135.2,2,0,22.98,20.57,0,0
99.4,2,0,16.9,23.38,0,0
276.9,1,1,47.07,20.99,0,0
163.4,2,1,27.78,20.41,0,0
287.4,4,1,48.86,20.0,0,0
120.5,1,0,20.49,19.36,1,0
184.1,2,0,31.3,17.42,0,0
185.0,3,0,31.45,19.76,0,0
160.9,1,0,27.35,12.26,0,0
207.6,2,0,35.29,21.39,0,0
209.2,1,0,35.56,0.0,0,0
158.4,1,0,26.93,26.06,0,1
149.0,2,1,25.33,11.14,0,0
204.5,0,0,34.77,17.75,0,0
288.8,0,1,49.1,14.95,0,0
108.6,0,0,18.46,17.54,1,0
97.5,1,0,16.58,22.13,0,0
166.5,0,0,28.31,22.19,0,0
156.2,1,0,26.55,7.65,0,0
225.2,4,0,38.28,21.83,1,0
287.4,1,1,48.86,22.07,0,1
175.3,0,0,29.8,20.51,1,0
102.1,0,0,17.36,18.66,0,0
157.9,0,0,26.84,22.07,0,0
146.5,1,0,24.91,20.94,1,0
245.8,1,1,41.79,24.37,0,0
177.7,1,0,30.21,18.33,0,1
250.8,2,0,42.64,12.96,0,1
117.8,0,1,20.03,16.93,0,0
119.7,2,0,20.35,16.12,0,0
242.2,5,1,41.17,19.22,0,0
163.4,7,0,27.78,21.19,0,0
161.0,3,0,27.37,17.68,0,0
128.7,1,0,21.88,14.41,0,0
81.6,1,0,13.87,22.79,0,0
207.7,1,0,35.31,16.97,1,0
128.6,6,1,21.86,18.38,0,0
233.3,1,0,39.66,17.83,0,0
182.1,5,1,30.96,11.47,0,0
168.0,6,1,28.56,13.87,1,0
251.6,1,0,42.77,14.88,0,0
183.8,0,0,31.25,15.59,1,0
256.4,3,1,43.59,18.23,0,0
180.2,1,0,30.63,8.3,0,0
227.8,1,0,38.73,13.75,0,0
147.8,0,0,25.13,23.53,1,0
234.9,1,1,39.93,23.02,0,0
110.9,2,0,18.85,18.14,0,0
124.5,1,0,21.17,19.69,1,0
233.5,0,1,39.7,15.95,0,1
197.3,2,1,33.54,11.99,1,0
58.2,0,0,9.89,17.18,0,0
212.7,1,0,36.16,19.14,0,0
151.5,0,0,25.76,11.19,0,0
146.3,1,0,24.87,18.59,0,1
195.1,0,0,33.17,12.65,0,0
208.9,1,0,35.51,18.26,0,0
135.7,7,1,23.07,17.71,0,0
225.9,3,1,38.4,23.43,0,0
122.2,1,0,20.77,14.21,0,0
153.3,2,0,26.06,19.08,0,0
214.0,1,0,36.38,16.35,0,0
194.8,1,0,33.12,14.21,0,0
206.7,3,0,35.14,23.89,0,0
188.0,2,0,31.96,12.86,1,0
122.3,3,1,20.79,10.1,0,1
259.3,3,0,44.08,14.89,0,0
115.1,2,1,19.57,17.96,0,1
172.9,1,0,29.39,11.7,1,0
156.4,1,0,26.59,11.08,0,1
128.1,1,0,21.78,12.19,1,0
196.6,1,0,33.42,14.47,0,0
227.9,1,1,38.74,25.72,0,0
194.9,2,0,33.13,16.29,1,0
44.9,1,0,7.63,11.41,1,0
262.8,0,0,44.68,18.34,1,0
211.2,0,0,35.9,21.48,0,0
204.0,1,0,34.68,19.13,0,0
223.2,3,0,37.94,10.84,0,0
119.0,1,0,20.23,15.94,0,0
266.1,3,1,45.24,19.14,0,0
134.4,1,0,22.85,12.95,0,0
171.1,1,0,29.09,21.86,0,0
170.5,2,0,28.99,21.62,0,0
178.5,1,0,30.35,12.49,0,0
205.2,3,0,34.88,13.16,0,0
232.8,0,0,39.58,15.6,1,0
239.9,5,0,40.78,21.57,1,0
55.6,2,0,9.45,24.54,0,0
153.5,1,0,26.1,20.56,1,0
109.8,1,0,18.67,16.12,0,0
196.1,2,0,33.34,15.77,0,0
166.8,0,0,28.36,12.2,0,0
113.2,2,0,19.24,22.94,1,0
203.0,1,0,34.51,12.83,0,0
242.8,5,0,41.28,19.9,0,0
156.5,2,0,26.61,11.92,0,0
266.7,3,1,45.34,13.45,0,0
182.0,1,0,30.94,18.37,1,0
85.9,0,0,14.6,16.48,0,0
146.6,0,0,24.92,9.76,1,0
110.5,4,1,18.79,17.71,1,0
118.6,1,0,20.16,16.97,0,0
197.6,2,0,33.59,6.8,1,0
210.3,6,0,35.75,16.34,1,0
220.3,4,0,37.45,24.29,1,0
150.0,1,0,25.5,19.75,0,0
161.7,0,0,27.49,17.65,1,0
191.4,3,0,32.54,14.23,0,0
146.7,3,0,24.94,12.61,0,1
109.4,1,0,18.6,8.61,0,0
144.1,1,0,24.5,21.23,0,0
248.9,1,0,42.31,14.52,1,0
85.7,4,1,14.57,18.84,0,0
214.8,3,0,36.52,17.82,0,0
158.9,0,0,27.01,20.64,0,0
110.0,2,0,18.7,12.03,1,0
152.8,1,0,25.98,15.61,0,0
145.6,0,0,24.75,16.75,0,0
93.3,0,0,15.86,16.97,0,0
216.8,0,0,36.86,15.96,0,0
201.9,1,0,34.32,13.15,0,0
146.4,1,0,24.89,19.13,0,0
272.7,2,1,46.36,19.12,0,0
18.9,1,0,3.21,21.96,0,0
172.8,2,0,29.38,16.44,0,0
190.2,0,0,32.33,13.35,0,0
130.6,3,0,22.2,17.69,0,0
158.4,4,1,26.93,15.98,0,0
166.5,1,0,28.31,20.08,0,0
129.3,2,0,21.98,17.24,0,0
199.3,0,0,33.88,16.44,0,0
185.1,0,0,31.47,19.81,0,0
175.4,2,0,29.82,16.78,0,0
263.4,2,0,44.78,12.91,0,0
94.2,1,0,16.01,22.45,0,0
189.4,3,0,32.2,18.62,0,0
118.0,2,0,20.06,14.21,1,0
212.1,3,0,36.06,16.1,0,0
222.0,2,0,37.74,15.9,0,0
222.8,0,0,37.88,15.34,1,0
190.0,1,0,32.3,9.91,1,0
271.8,4,1,46.21,20.16,0,0
195.4,3,0,33.22,22.8,1,0
199.6,3,0,33.93,18.22,0,0
100.0,0,0,17.0,14.75,0,0
160.6,2,0,27.3,18.96,1,0
158.7,1,0,26.98,13.64,1,0
154.5,3,1,26.27,18.21,0,0
192.3,1,0,32.69,10.99,1,0
305.1,0,1,51.87,15.98,0,0
193.0,2,0,32.81,13.06,1,0
72.5,1,0,12.33,17.34,0,0
105.2,2,0,17.88,29.01,1,0
180.5,2,0,30.69,11.45,0,0
214.7,0,0,36.5,26.72,1,0
86.8,1,0,14.76,9.19,0,0
131.5,5,1,22.36,14.86,0,0
135.4,0,0,23.02,20.15,0,0
174.3,6,0,29.63,21.6,0,0
203.9,3,0,34.66,16.3,0,0
235.5,0,0,40.04,12.1,0,0
157.0,2,0,26.69,21.84,0,0
111.9,3,0,19.02,18.96,0,1
236.3,3,0,40.17,12.99,0,1
163.6,0,0,27.81,24.09,0,0
213.6,1,0,36.31,14.95,1,0
143.4,3,0,24.38,14.45,1,0
78.3,1,0,13.31,16.85,0,0
97.1,1,0,16.51,19.38,0,0
94.1,0,0,16.0,12.55,0,0
226.3,2,1,38.47,23.32,0,0
133.8,1,0,22.75,13.5,0,0
190.3,1,0,32.35,21.17,1,0
294.9,3,0,50.13,14.08,1,0
185.4,2,0,31.52,16.27,0,0
179.5,0,0,30.52,16.31,0,0
158.0,0,0,26.86,17.67,0,0
173.0,0,0,29.41,16.18,0,0
134.2,1,0,22.81,18.01,1,0
125.2,3,0,21.28,19.63,1,0
195.9,2,0,33.3,19.3,0,0
214.2,0,0,36.41,15.4,1,0
221.1,0,0,37.59,20.12,0,0
132.0,1,0,22.44,14.73,1,0
157.6,1,0,26.79,16.86,0,0
110.3,2,0,18.75,15.5,1,0
161.5,0,0,27.46,16.4,0,1
171.8,1,0,29.21,20.46,1,0
211.0,1,0,35.87,13.18,1,0
139.3,7,1,23.68,16.35,0,0
291.6,2,1,49.57,18.79,0,0
139.0,0,0,23.63,11.3,0,0
234.8,4,0,39.92,16.93,0,0
187.6,1,0,31.89,17.12,0,0
159.8,2,0,27.17,17.86,0,0
177.1,1,0,30.11,16.49,1,0
117.9,0,0,20.04,13.63,0,0
247.6,2,0,42.09,21.79,1,0
169.9,1,0,28.88,11.76,0,0
185.0,3,0,31.45,17.31,0,0
204.9,0,0,34.83,17.09,1,0
225.5,3,0,38.34,15.47,1,0
169.7,4,1,28.85,12.02,0,0
239.3,0,0,40.68,18.99,0,0
113.3,4,1,19.26,16.82,0,0
161.9,3,0,27.52,19.56,0,0
133.3,2,0,22.66,15.78,1,0
170.7,3,0,29.02,9.34,1,0
189.7,5,0,32.25,13.27,0,0
322.3,2,1,54.79,19.58,0,0
124.4,2,0,21.15,27.28,0,0
146.9,3,0,24.97,9.72,0,0
192.6,1,0,32.74,17.54,0,0
96.3,1,0,16.37,15.27,1,0
131.9,3,0,22.42,14.25,0,0
147.2,2,0,25.02,14.89,0,0
143.1,2,0,24.33,20.37,0,0
280.4,5,0,47.67,15.25,0,0
237.2,1,0,40.32,18.11,1,0
184.2,2,0,31.31,15.44,0,0
109.1,3,0,18.55,15.9,0,0
138.1,5,1,23.48,13.45,0,0
186.8,3,0,31.76,17.65,0,0
155.4,1,0,26.42,24.73,0,0
245.3,4,0,41.7,10.45,0,0
205.9,0,1,35.0,23.58,0,1
207.2,1,0,35.22,18.2,0,0
151.5,2,0,25.76,21.14,1,0
221.9,0,1,37.72,23.65,0,0
190.0,1,0,32.3,20.96,0,0
220.8,2,0,37.54,13.28,0,0
173.7,2,0,29.53,17.34,1,0
114.8,2,0,19.52,12.75,0,0
113.8,3,0,19.35,16.35,0,0
143.2,4,1,24.34,15.26,0,1
184.4,3,0,31.35,17.32,0,0
227.4,1,0,38.66,21.08,0,0
224.0,0,0,38.08,17.91,0,0
216.2,2,0,36.75,15.78,0,0
129.9,0,0,22.08,19.56,0,0
230.1,2,0,39.12,24.45,1,0
204.4,1,0,34.75,23.22,0,0
216.6,1,0,36.82,14.71,1,0
247.5,2,1,42.08,19.16,0,0
228.1,1,0,38.78,11.59,0,0
225.9,1,1,38.4,25.42,0,0
103.5,4,1,17.6,10.02,0,0
115.5,0,0,19.64,21.44,0,0
218.8,1,0,37.2,12.61,0,0
223.8,3,0,38.05,20.81,0,0
143.8,3,0,24.45,15.64,0,0
29.9,2,0,5.08,10.97,1,0
276.7,0,0,47.04,17.31,1,0
141.4,0,0,24.04,12.44,0,0
153.9,1,0,26.16,11.96,1,0
190.5,0,0,32.39,17.47,0,0
192.6,1,0,32.74,15.21,0,0
151.8,1,0,25.81,8.81,0,1
215.6,5,0,36.65,16.4,0,0
180.0,3,0,30.6,19.47,0,0
157.3,2,0,26.74,16.79,0,0
196.5,0,0,33.41,13.48,0,0
240.3,0,0,40.85,13.81,0,0
193.3,3,0,32.86,13.15,0,0
211.9,1,0,36.02,23.32,1,0
218.7,1,0,37.18,13.23,0,1
246.8,0,1,41.96,17.54,0,1
174.7,6,1,29.7,12.58,0,0
240.0,0,1,40.8,11.4,0,0
181.2,2,0,30.8,15.1,1,0
113.7,1,0,19.33,14.03,0,0
174.7,0,0,29.7,13.65,1,0
211.1,2,0,35.89,19.0,1,0
169.3,1,0,28.78,15.18,0,0
247.4,0,0,42.06,14.95,0,0
131.2,2,0,22.3,19.33,1,0
161.4,1,0,27.44,13.91,0,0
107.2,1,0,18.22,7.38,0,1
211.9,1,0,36.02,17.25,1,0
160.4,3,0,27.27,24.3,0,0
230.7,1,0,39.22,21.83,1,0
232.6,1,0,39.54,21.54,0,0
294.7,1,1,50.1,25.04,0,0
133.4,1,0,22.68,19.03,0,0
306.2,0,0,52.05,16.12,1,0
236.8,2,0,40.26,15.84,0,0
125.7,3,1,21.37,23.45,1,1
168.4,1,0,28.63,23.46,0,1
70.9,2,0,12.05,11.43,0,0
105.0,0,0,17.85,10.35,1,0
152.1,1,0,25.86,18.32,0,0
180.9,3,0,30.75,16.57,0,1
156.6,1,0,26.62,13.73,1,0
180.5,0,0,30.69,19.05,1,0
238.8,1,0,40.6,19.55,1,0
182.1,2,0,30.96,18.16,1,0
139.6,2,0,23.73,28.29,1,0
200.3,0,0,34.05,21.56,1,0
153.5,1,0,26.1,21.39,0,0
128.2,3,0,21.79,14.59,1,1
159.5,2,0,27.12,17.2,0,0
226.4,3,1,38.49,23.53,0,0
251.9,2,0,42.82,16.54,0,0
264.5,2,1,44.97,16.49,0,0
153.7,0,0,26.13,16.03,0,0
232.1,5,0,39.46,17.92,0,0
201.9,1,0,34.32,18.05,0,0
186.9,1,0,31.77,15.52,0,0
196.6,1,0,33.42,15.35,1,0
232.1,1,0,39.46,14.3,0,0
166.0,0,0,28.22,6.34,0,0
200.6,1,0,34.1,13.95,1,0
141.0,3,0,23.97,18.02,1,0
245.0,0,0,41.65,18.44,1,0
140.8,1,0,23.94,19.43,0,1
255.1,3,1,43.37,22.69,0,0
125.0,2,0,21.25,20.0,1,0
180.6,1,0,30.7,23.83,0,0
248.7,1,1,42.28,14.65,0,1
178.1,0,0,30.28,20.12,1,0
122.2,5,1,20.77,11.19,0,1
231.3,1,0,39.32,19.1,0,0
111.2,3,0,18.9,10.38,0,0
103.2,0,1,17.54,20.09,1,1
138.4,4,1,23.53,13.51,0,0
146.3,0,0,24.87,18.41,0,0
206.3,0,0,35.07,20.49,0,0
132.0,0,0,22.44,23.77,0,0
274.6,2,0,46.68,13.69,0,0
185.3,0,0,31.5,19.15,0,0
154.8,1,0,26.32,15.06,1,0
179.2,1,0,30.46,24.07,1,0
286.2,2,1,48.65,15.91,0,1
268.0,3,0,45.56,13.06,0,0
137.5,2,0,23.38,16.84,0,0
243.0,2,0,41.31,16.3,0,0
134.9,1,0,22.93,18.83,0,0
234.2,1,0,39.81,18.42,0,0
175.1,1,0,29.77,14.61,0,0
142.2,1,0,24.17,22.3,0,0
132.4,2,0,22.51,17.03,0,0
97.8,0,0,16.63,17.61,1,0
266.9,3,1,45.37,19.52,0,0
155.2,3,0,26.38,22.81,1,0
200.2,1,0,34.03,20.82,0,0
289.1,2,1,49.15,19.87,0,0
198.4,1,0,33.73,21.21,0,1
180.3,2,0,30.65,17.68,0,0
86.3,2,0,14.67,20.29,0,0
295.0,2,1,50.15,19.01,0,0
240.9,3,0,40.95,14.23,0,0
207.7,1,0,35.31,18.49,0,0
128.5,1,0,21.85,13.91,1,0
224.4,1,0,38.15,12.41,1,0
164.9,2,0,28.03,10.75,0,0
238.0,2,0,40.46,13.98,0,0
231.0,2,0,39.27,18.9,1,0
107.3,4,1,18.24,20.25,0,0
185.0,1,0,31.45,15.51,0,0
244.1,3,0,41.5,17.29,1,0
238.4,3,0,40.53,20.95,0,0
141.1,1,0,23.99,19.1,1,0
158.1,0,0,26.88,9.79,0,0
220.1,0,0,37.42,18.89,1,0
199.5,4,1,33.92,11.48,1,0
109.5,1,0,18.62,24.32,0,0
187.2,1,0,31.82,9.75,0,0
107.9,0,0,18.34,15.9,0,0
172.1,1,1,29.26,19.01,1,1
203.8,1,0,34.65,7.46,0,0
160.0,0,0,27.2,18.3,0,0
51.1,1,0,8.69,17.73,0,0
227.7,1,0,38.71,14.45,0,0
203.8,1,0,34.65,17.43,0,0
241.7,1,0,41.09,14.09,1,0
78.1,1,0,13.28,20.34,0,0
187.8,2,0,31.93,12.68,0,0
127.1,1,0,21.61,19.41,1,0
280.0,0,1,47.6,17.19,0,0
153.2,1,0,26.04,17.92,0,1
137.1,2,0,23.31,13.23,1,0
186.1,4,1,31.64,16.88,0,1
224.1,2,0,38.1,20.3,1,0
83.6,1,0,14.21,17.33,1,0
203.9,4,0,34.66,19.89,0,0
211.3,1,0,35.92,14.08,0,0
219.4,4,0,37.3,19.18,0,1
190.4,2,0,32.37,7.82,0,0
147.7,2,0,25.11,24.08,0,0
229.9,2,0,39.08,12.27,0,0
102.8,1,0,17.48,12.21,0,0
178.7,1,0,30.38,19.86,0,0
148.5,0,0,25.25,9.73,1,0
164.1,0,0,27.9,18.62,1,0
197.2,1,0,33.52,16.02,0,1
124.9,2,0,21.23,25.54,0,0
115.4,3,0,19.62,17.84,0,0
140.0,4,1,23.8,16.69,0,1
193.9,3,0,32.96,7.23,0,0
321.1,4,1,54.59,22.57,0,0
118.4,5,1,20.13,21.19,0,0
169.8,1,0,28.87,16.8,0,0
193.4,2,0,32.88,9.94,0,0
106.6,1,0,18.12,24.21,0,0
134.7,2,0,22.9,16.12,0,0
156.2,2,0,26.55,18.32,1,0
231.1,3,0,39.29,13.04,0,0
180.8,2,0,30.74,24.55,0,0
213.8,2,0,36.35,13.57,0,1
234.4,0,0,39.85,22.6,1,0
